رقم المنتج,الاسم (صيني),الاسم (إنجليزي),الكمية,سعر الشراء ($),حجم الصندوق,تكلفة التغليف (دينار),التكلفة الكلية واصل مغلف (دينار),سعر البيع القديم (دينار),سعر البيع الجديد (دينار),الربح الصافي للقطعة (دينار),ملاحظة التعديل
1,50W纯钢加热棒 YSH-50,50W pure steel heating rod YSH-50,8,2.48,S,1185,6050,12000,12000,5950,✅ بدون تغيير
2,100W纯钢加热棒 YSH-100,100W pure steel heating rod YSH-100,8,2.56,S,1185,6209,12500,12500,6291,✅ بدون تغيير
3,200W纯钢加热棒 YSH-200,200W pure steel heating rod YSH-200,8,2.58,S,1185,6248,12500,12500,6252,✅ بدون تغيير
4,Yee意牌水族皓源石英加热棒 100W,Yee brand aquarium quartz heating rod 100W,1,9.76,S,1185,20333,40500,45000,24667,🔼 رفع - منتج بريميوم
5,YEE黑武士加热棒  100W,YEE Black Warrior Heater 100W,5,3.52,S,1185,8088,16000,16000,7912,✅ بدون تغيير
6,yee迷你静音氧气泵3W B1,Xiaobai single-hole oxygen pump 3W,3,1.17,S,1185,3480,7000,7000,3520,✅ بدون تغيير
7,升级款-可替换纳米气盘 50mm,YEE 50mm Ball Mineral Bubble Diffuser,15,1.56,S,1185,4245,8500,8500,4255,✅ بدون تغيير
8,加强版1.5米/加厚加长,Enhanced version 1.5 meters/thickened and lengthened,10,0.37,M,1435,2160,4500,4500,2340,✅ بدون تغيير
9,【加厚气囊 经久耐用】1.7米,【Thickened airbag for durability】1.7 meters,10,0.92,M,1435,3239,6500,6500,3261,✅ بدون تغيير
10,Yee电动换水器20W 标配,High configuration 30W low water level,5,8.28,M,1435,17676,35500,35500,17824,✅ بدون تغيير
11,悬浮隔离盒大号,Large suspended isolation box,8,2.68,S,1185,6442,13000,13000,6558,✅ بدون تغيير
12,大号气动孵化盒（双房）,Large pneumatic incubator (double room),5,0.99,S,1185,3127,6500,6500,3373,✅ بدون تغيير
13,亚克力培养箱 20*10*10,Acrylic incubator 20*10*10,4,2.86,S,1185,6795,13500,13500,6705,✅ بدون تغيير
14,（蓝色）新升级6D 过滤棉 50*40 两片装,(Blue) New upgraded 6D filter cotton 50*40 two pieces,4,3.04,S,1185,7148,14500,14500,7352,✅ بدون تغيير
15,纳米培养环混合装,Nano Culture Ring Mixed Pack,8,1.31,M,1435,4005,8000,8000,3995,✅ بدون تغيير
16,高能量培菌砖,High energy culture bricks,5,0.83,S,1185,2813,5500,5500,2687,✅ بدون تغيير
17,Nepall 3D曲奇滤材 500g,3D filter material,6,1.67,M,1435,4710,9500,9500,4790,✅ بدون تغيير
18,十六合一滤材 2.5kg,16-in-1 filter material 2.5kg,5,2.61,M,1435,6555,13000,13000,6445,✅ بدون تغيير
19,六合一滤材 500g,Six-in-one filter material 500g,5,0.97,M,1435,3338,6500,6500,3162,✅ بدون تغيير
20,3W 油膜处理器,3W oil film processor,4,2.61,S,1185,6305,12500,12500,6195,✅ بدون تغيير
21,yee三色可调 3.5W 双排广角灯27cm,"Yee three-color adjustable 3.5W double-row light, 27cm",4,0.00,S,1185,1185,10000,12500,11315,🔼 رفع - هدية مجانية بقيمة سوقية عالية
22,鱼缸磁力刷  大号 蓝色强磁,"Aquarium magnetic cleaning brush, large size, strong magnet.",3,0.00,M,1435,1435,8000,8000,6565,✅ بدون تغيير
23,16mm牛筋管1.0米,1.0 meter of 16mm reinforced plastic tubing,5,0.00,S,1185,1185,5000,5000,3815,✅ بدون تغيير
24,超白水草缸400*230*250,400x230x250mm 5mm thick,2,6.28,L,1635,13955,28000,35000,21045,🔼 رفع - السوق يبيع 40-80 ألف
25,500x270x300mm 5mm厚,500x270x300mm 5mm thick,2,9.73,L,1635,20722,41500,55000,34278,🔼 رفع - السوق يبيع 60-120 ألف
26,600x300x350mm 5mm厚,600x300x350mm 5mm thick,2,12.52,L,1635,26194,52500,70000,43806,🔼 رفع - السوق يبيع 80-150 ألف
27,35×35×35  6mm 厚,35×35×35 6mm thick,2,8.59,L,1635,18486,37000,50000,31514,🔼 رفع - السوق يبيع 50-100 ألف
28,40X40X40cm 6mm厚,40X40X40cm 6mm thick,2,11.55,L,1635,24291,48500,65000,40709,🔼 رفع - السوق يبيع 70-150 ألف
29,60*40*40cm 8mm,60*40*40cm 8mm,2,18.17,L,1635,37276,74500,100000,62724,🔼 رفع - السوق يبيع 100-375 ألف
30,裸缸侧虑溪流缸60*15*15cm 6mm送水泵,Bare side stream tank 60*15*15cm 6mm water pump,2,17.30,L,1635,35570,71000,90000,54430,🔼 رفع - منتج متخصص نادر
31,Yee小型鱼配合饲料全效合一0.6mm75g,Yee Small Fish Feed All-in-One 0.6mm 75g,25,0.63,S,1185,2421,5000,5000,2579,✅ بدون تغيير - سلاح جذب
32,金鱼兰寿善玉菌+螺旋藻色扬配合饲料290g,Goldfish Compound Feed 290g Slow Sinking 3.0mm,15,1.80,S,1185,4715,9500,12000,7285,🔼 رفع - حجم كبير وقيمة عالية
33,Yee斗鱼配合饲料0.8mm130g新更换条码,Betta fish food 0.8mm 130g New,20,0.97,S,1185,3088,6000,6000,2912,✅ بدون تغيير
34,仿红虫0.5mm115gLLG,Imitation red worm feed 0.5mm 115g,30,1.35,S,1185,3833,7500,7500,3667,✅ بدون تغيير
35,Yee蝴蝶鲤配合饲料1.5mm300g袋装,Floating Grain High Protein 300g Bag,5,0.86,S,1185,2873,6000,6000,3127,✅ بدون تغيير
36,Yee水族观赏虾专用粮260g,Special Food for Ornamental Shrimp 260g,6,1.70,S,1185,4519,9000,12000,7481,🔼 رفع - طعام متخصص قيمته عالية
37,新款脱壳卵(80g150ml)白瓶+喂食器SJ,New Shelled Eggs (80g 150ml) White Bottle + Feeder,10,1.65,S,1185,4421,9000,12000,7579,🔼 رفع - منتج متخصص نادر في السوق
38,Yee水族-寄居蟹冻干盛宴55g55g,Yee Aqua-Hermit Crab Freeze-Dried Feast 55g,3,1.27,S,1185,3676,7500,7500,3824,✅ بدون تغيير
39,鱼粮连包铜版纸吊卡DJ,Fish feed with coated paper hanger,15,0.62,S,1185,2401,5000,5000,2599,✅ بدون تغيير
40,Yee小型鱼配合饲料全效合一0.2mm210g,【All-in-one】Microparticles/0.2mm/210g,10,1.04,S,1185,3225,6500,6500,3275,✅ بدون تغيير
41,金鱼兰寿配合饲料1.5mm下沉500g袋装,Ranchu goldfish formulated feed sinks 500g,12,1.69,M,1435,4749,9500,12500,7751,🔼 رفع - حجم كبير 500g
42,Yee水族冻干丰年虾块18g,Yee Aquarium Freeze-dried Brine Shrimp Chunks 18g,8,0.90,S,1185,2950,6000,6000,3050,✅ بدون تغيير
43,Yee意牌水族三合一斗鱼配合饲料15g,Yee Brand 3-in-1 Betta Fish Food 15g,10,0.48,S,1185,2126,4500,4500,2374,✅ بدون تغيير
44,白点净300ml,White Spot Cleaner 300ml,10,0.72,S,1185,2597,5000,10000,7403,🔼 رفع - السوق يبيع 15-35 ألف!
45,亚甲基蓝溶液 600ml,Methylene blue solution 600ml,8,0.93,M,1435,3259,6500,12000,8741,🔼 رفع - السوق يبيع 15-30 ألف!
46,yee观赏鱼药用黄粉,Bactericidal/antibacterial powder 2g/bag [1 box],6,1.13,S,1185,3401,7000,7000,3599,✅ بدون تغيير
47,Yee意牌水族净氨系列活性益生菌760ml,Yee Aquarium Ammonia Series Active Probiotics 760ml,10,2.34,M,1435,6024,12000,17500,11476,🔼 رفع - السوق يبيع 20-35 ألف
48,Yee意牌水族净氨系列活性益生菌400ml,Yee Aquarium Ammonia Series Active Probiotics 400ml,5,1.38,S,1185,3891,8000,8000,4109,✅ بدون تغيير
49,yee蓝色经典-除氯水质稳定剂535ml,Yee Blue Classic-Chlorine Removal Water Stabilizer 535ml,15,0.72,M,1435,2847,5500,5500,2653,✅ بدون تغيير
50,抗应激水质稳定剂 500ml  新风格,Anti-stress water stabilizer 500ml New style,8,0.92,S,1185,2990,6000,6000,3010,✅ بدون تغيير
51,【氨氮测试剂】可测约60次/精准快速,【Ammonia nitrogen tester】accurate and fast,8,2.87,M,1435,7064,14000,22000,14936,🔼 رفع - السوق يبيع 35 ألف+
52,【亚硝酸盐测试剂】可测约100次/精准快速,【Nitrite test kit】accurate and fast,8,2.87,M,1435,7064,14000,22000,14936,🔼 رفع - السوق يبيع 35 ألف+
53,YEE 意牌九合一水质检测试纸 英文版,9-in-1/Bucket/With Comparison Chart,10,1.62,S,1185,4362,8500,15000,10638,🔼 رفع - Ubuy يبيع 39 ألف!
54,Yee意牌水族硝化菌+益生菌胶囊50粒,Yee Aquarium Nitrifying Bacteria + Probiotics 50 capsules,12,0.85,S,1185,2852,5500,5500,2648,✅ بدون تغيير
55,Yee意牌水族硝化菌+益生菌胶囊100粒,Yee Aquarium Nitrifying Bacteria + Probiotics 100 Capsules,8,1.27,S,1185,3676,7500,7500,3824,✅ بدون تغيير
56,除藻剂 500ml 新风格,Algaecide 500ml New Style,10,0.92,S,1185,2990,6000,6000,3010,✅ بدون تغيير
57,除藻去苔剂 600ml,Anti-stress water stabilizer 1000ml New style,6,1.13,M,1435,3651,7500,7500,3849,✅ بدون تغيير
58,多维矿物盐500克,Multivitamin mineral salt 500g,10,0.20,M,1435,1827,3500,3500,1673,✅ بدون تغيير
59,500G多维盐盒装YAN-915,500G Multivitamin Salt Box YAN-915,5,0.87,M,1435,3141,6500,6500,3359,✅ بدون تغيير
60,yee蓝色经典-亚甲基蓝溶液235ml,Yee Blue Classic-Methylene Blue Solution 235ml,10,0.45,S,1185,2068,4000,4000,1932,✅ بدون تغيير
61,YEE九合一水质检测试纸50条铝箔袋,【Refill】9 in 1/Refill/50 pieces,10,1.06,S,1185,3264,6500,10000,6736,🔼 رفع - قيمة عالية كإعادة تعبئة
62,YEE 水草泥净水版 2-3mm 1.5L,Water grass mud fertility upgrade fine grain 1.5L,18,1.23,M,1435,3847,7500,7500,3653,✅ بدون تغيير
63,YEE 亚马逊水草泥 净水版 2-5mm 3L  QBC,Water grass mud fertility upgrade coarse grain 3L,10,2.39,M,1435,6122,12000,15000,8878,🔼 رفع - حجم كبير 3 لتر
64,鱼缸除垢剂  200ml,Fish tank descaling agent 200ml,10,0.76,S,1185,2676,5500,5500,2824,✅ بدون تغيير
65,液晶温度计（报警板）,External electronic thermometer,4,1.10,S,1185,3343,6500,6500,3157,✅ بدون تغيير
66,Cherlam鱼粮缓沉1.5mm（130g）QC DJ,Cherlam slow-sinking fish food 1.5mm (130g) QC DJ,2,0.17,S,1185,1518,3000,3000,1482,✅ بدون تغيير
