number,image_file,sheet,from_cell,to_cell,from_row,from_col,to_row,to_col,drawing,source_media,picture_name,description,anchor_row_text,nearby_row_text
1,images/001_total_B10_image1.png,total,B10,B12,10,2,12,2,xl/drawings/drawing1.xml,xl/media/image1.png,ID_646D4E829D444ADEA13A7B20F2D1D220,,Row 10: A=1 | C=1.5.1.7 | D=YEE-3006 | E=50W纯钢加热棒 YSH-50 | F=50W pure steel heating rod YSH-50 | G=2.47887323943662 | H=8 | I=19.830985915492999,Row 9: G=（USD） | H=(PCS) | I=（USD） ; Row 10: A=1 | C=1.5.1.7 | D=YEE-3006 | E=50W纯钢加热棒 YSH-50 | F=50W pure steel heating rod YSH-50 | G=2.47887323943662 | H=8 | I=19.830985915492999 ; Row 11: A=2 | C=1.5.1.8 | D=YEE-3007 | E=100W纯钢加热棒 YSH-100 | F=100W pure steel heating rod YSH-100 | G=2.5633802816901401 | H=8 | I=20.507042253521099
2,images/002_total_B13_image2.jpeg,total,B13,B13,13,2,13,2,xl/drawings/drawing1.xml,xl/media/image2.jpeg,ID_BD7CA4EEC1EF4715BCDE5B8F2451AB57,,"Row 13: A=4 | C=C4-1432-1 | D=C4-1432 | E=Yee意牌水族皓源石英加热棒 100W | F=Yee brand aquarium quartz heating rod, 100W | G=9.76 | H=1 | I=9.76","Row 12: A=3 | C=1.5.1.9 | D=YEE-3008 | E=200W纯钢加热棒 YSH-200 | F=200W pure steel heating rod YSH-200 | G=2.57746478873239 | H=8 | I=20.619718309859099 ; Row 13: A=4 | C=C4-1432-1 | D=C4-1432 | E=Yee意牌水族皓源石英加热棒 100W | F=Yee brand aquarium quartz heating rod, 100W | G=9.76 | H=1 | I=9.76 ; Row 14: A=5 | C=C4-1103-4 | D=C4-1103 | E=YEE黑武士加热棒 100W | F=YEE Black Warrior Heater 100W | G=3.52112676056338 | H=5 | I=17.6056338028169"
3,images/003_total_B14_image3.jpeg,total,B14,B14,14,2,14,2,xl/drawings/drawing1.xml,xl/media/image3.jpeg,ID_66BEB282CD614D1B9880463F48166FF4,undefined,Row 14: A=5 | C=C4-1103-4 | D=C4-1103 | E=YEE黑武士加热棒 100W | F=YEE Black Warrior Heater 100W | G=3.52112676056338 | H=5 | I=17.6056338028169,"Row 13: A=4 | C=C4-1432-1 | D=C4-1432 | E=Yee意牌水族皓源石英加热棒 100W | F=Yee brand aquarium quartz heating rod, 100W | G=9.76 | H=1 | I=9.76 ; Row 14: A=5 | C=C4-1103-4 | D=C4-1103 | E=YEE黑武士加热棒 100W | F=YEE Black Warrior Heater 100W | G=3.52112676056338 | H=5 | I=17.6056338028169 ; Row 15: A=6 | C=03326 | D=YTZ-300 | E=小白单孔氧气泵3W（不可调）YTZ-300 | F=Xiaobai single-hole oxygen pump 3W (non-adjustable) YTZ-300 | G=1.16901408450704 | H=3 | I=3.51"
4,images/004_total_B15_image4.png,total,B15,B15,15,2,15,2,xl/drawings/drawing1.xml,xl/media/image4.png,ID_6DD3C59F2304486DB8D78270FD536C9B,,Row 15: A=6 | C=03326 | D=YTZ-300 | E=小白单孔氧气泵3W（不可调）YTZ-300 | F=Xiaobai single-hole oxygen pump 3W (non-adjustable) YTZ-300 | G=1.16901408450704 | H=3 | I=3.51,Row 14: A=5 | C=C4-1103-4 | D=C4-1103 | E=YEE黑武士加热棒 100W | F=YEE Black Warrior Heater 100W | G=3.52112676056338 | H=5 | I=17.6056338028169 ; Row 15: A=6 | C=03326 | D=YTZ-300 | E=小白单孔氧气泵3W（不可调）YTZ-300 | F=Xiaobai single-hole oxygen pump 3W (non-adjustable) YTZ-300 | G=1.16901408450704 | H=3 | I=3.51 ; Row 16: A=7 | C=07154 | D=YGG-135 | E=YEE 50mm 球形矿物质气泡扩散器 | F=YEE 50mm Ball Mineral Bubble Diffuser | G=1.56 | H=15 | I=23.4
5,images/005_total_D14_image5.jpeg,total,D14,E16,14,4,16,5,xl/drawings/drawing1.xml,xl/media/image5.jpeg,ID_7A97AADED8E74CAF89B2BECD24417593,,Row 14: A=5 | C=C4-1103-4 | D=C4-1103 | E=YEE黑武士加热棒 100W | F=YEE Black Warrior Heater 100W | G=3.52112676056338 | H=5 | I=17.6056338028169,"Row 13: A=4 | C=C4-1432-1 | D=C4-1432 | E=Yee意牌水族皓源石英加热棒 100W | F=Yee brand aquarium quartz heating rod, 100W | G=9.76 | H=1 | I=9.76 ; Row 14: A=5 | C=C4-1103-4 | D=C4-1103 | E=YEE黑武士加热棒 100W | F=YEE Black Warrior Heater 100W | G=3.52112676056338 | H=5 | I=17.6056338028169 ; Row 15: A=6 | C=03326 | D=YTZ-300 | E=小白单孔氧气泵3W（不可调）YTZ-300 | F=Xiaobai single-hole oxygen pump 3W (non-adjustable) YTZ-300 | G=1.16901408450704 | H=3 | I=3.51"
6,images/006_total_B17_image6.jpeg,total,B17,B17,17,2,17,2,xl/drawings/drawing1.xml,xl/media/image6.jpeg,ID_BDEA7B914F8C45EF9096EB2032A92AB1,,Row 17: A=8 | C=C5-1144-1a | D=C5-1144 | E=加强版1.5米/加厚加长 | F=Enhanced version 1.5 meters/thickened and lengthened | G=0.36619718309859201 | H=10 | I=3.66,Row 16: A=7 | C=07154 | D=YGG-135 | E=YEE 50mm 球形矿物质气泡扩散器 | F=YEE 50mm Ball Mineral Bubble Diffuser | G=1.56 | H=15 | I=23.4 ; Row 17: A=8 | C=C5-1144-1a | D=C5-1144 | E=加强版1.5米/加厚加长 | F=Enhanced version 1.5 meters/thickened and lengthened | G=0.36619718309859201 | H=10 | I=3.66 ; Row 18: A=9 | C=1.8.3.2 | D=YEE-3621 | E=【加厚气囊 经久耐用】1.7米 | F=【Thickened airbag for durability】1.7 meters | G=0.91549295774647899 | H=10 | I=9.15
7,images/007_total_B18_image7.jpeg,total,B18,B18,18,2,18,2,xl/drawings/drawing1.xml,xl/media/image7.jpeg,ID_BEC13C83661B4294916DAFD7FC15D456,,Row 18: A=9 | C=1.8.3.2 | D=YEE-3621 | E=【加厚气囊 经久耐用】1.7米 | F=【Thickened airbag for durability】1.7 meters | G=0.91549295774647899 | H=10 | I=9.15,Row 17: A=8 | C=C5-1144-1a | D=C5-1144 | E=加强版1.5米/加厚加长 | F=Enhanced version 1.5 meters/thickened and lengthened | G=0.36619718309859201 | H=10 | I=3.66 ; Row 18: A=9 | C=1.8.3.2 | D=YEE-3621 | E=【加厚气囊 经久耐用】1.7米 | F=【Thickened airbag for durability】1.7 meters | G=0.91549295774647899 | H=10 | I=9.15 ; Row 19: A=10 | C=C4-1117-1 | D=C4-1117 | E=高配30W 低水位 | F=High configuration 30W low water level | G=8.28169014084507 | H=5 | I=41.41
8,images/008_total_B19_image8.jpeg,total,B19,B19,19,2,19,2,xl/drawings/drawing1.xml,xl/media/image8.jpeg,ID_FC341F1C5A1645A082B2F2CE4DE43AE3,,Row 19: A=10 | C=C4-1117-1 | D=C4-1117 | E=高配30W 低水位 | F=High configuration 30W low water level | G=8.28169014084507 | H=5 | I=41.41,Row 18: A=9 | C=1.8.3.2 | D=YEE-3621 | E=【加厚气囊 经久耐用】1.7米 | F=【Thickened airbag for durability】1.7 meters | G=0.91549295774647899 | H=10 | I=9.15 ; Row 19: A=10 | C=C4-1117-1 | D=C4-1117 | E=高配30W 低水位 | F=High configuration 30W low water level | G=8.28169014084507 | H=5 | I=41.41 ; Row 20: A=11 | C=C4-1008-1 | D=C4-1008 | E=悬浮隔离盒大号 | F=Large suspended isolation box | G=2.6760563380281699 | H=8 | I=21.41
9,images/009_total_B20_image9.png,total,B20,B20,20,2,20,2,xl/drawings/drawing1.xml,xl/media/image9.png,ID_B03D83915B504C649696664FF9A01085,,Row 20: A=11 | C=C4-1008-1 | D=C4-1008 | E=悬浮隔离盒大号 | F=Large suspended isolation box | G=2.6760563380281699 | H=8 | I=21.41,Row 19: A=10 | C=C4-1117-1 | D=C4-1117 | E=高配30W 低水位 | F=High configuration 30W low water level | G=8.28169014084507 | H=5 | I=41.41 ; Row 20: A=11 | C=C4-1008-1 | D=C4-1008 | E=悬浮隔离盒大号 | F=Large suspended isolation box | G=2.6760563380281699 | H=8 | I=21.41 ; Row 21: A=12 | C=02517 | D=YSL-506 | E=大号气动孵化盒（双房） | F=Large pneumatic incubator (double room) | G=0.99 | H=5 | I=4.95
10,images/010_total_B21_image10.png,total,B21,B21,21,2,21,2,xl/drawings/drawing1.xml,xl/media/image10.png,ID_4CC3DAC9872F4BF48F8A45C0346885D8,,Row 21: A=12 | C=02517 | D=YSL-506 | E=大号气动孵化盒（双房） | F=Large pneumatic incubator (double room) | G=0.99 | H=5 | I=4.95,Row 20: A=11 | C=C4-1008-1 | D=C4-1008 | E=悬浮隔离盒大号 | F=Large suspended isolation box | G=2.6760563380281699 | H=8 | I=21.41 ; Row 21: A=12 | C=02517 | D=YSL-506 | E=大号气动孵化盒（双房） | F=Large pneumatic incubator (double room) | G=0.99 | H=5 | I=4.95 ; Row 22: A=13 | C=02771 | D=YKL-018 | E=亚克力培养箱 20*10*10 | F=Acrylic incubator 20*10*10 | G=2.86 | H=4 | I=11.44
11,images/011_total_B22_image11.jpeg,total,B22,B22,22,2,22,2,xl/drawings/drawing1.xml,xl/media/image11.jpeg,ID_48E7B255F037442BBE21561E1287301F,,Row 22: A=13 | C=02771 | D=YKL-018 | E=亚克力培养箱 20*10*10 | F=Acrylic incubator 20*10*10 | G=2.86 | H=4 | I=11.44,Row 21: A=12 | C=02517 | D=YSL-506 | E=大号气动孵化盒（双房） | F=Large pneumatic incubator (double room) | G=0.99 | H=5 | I=4.95 ; Row 22: A=13 | C=02771 | D=YKL-018 | E=亚克力培养箱 20*10*10 | F=Acrylic incubator 20*10*10 | G=2.86 | H=4 | I=11.44 ; Row 23: A=14 | C=05617a | D=YLL-087 | E=（蓝色）新升级6D 过滤棉 50*40 两片装 | F=(Blue) New upgraded 6D filter cotton 50*40 two pieces | G=3.0422535211267601 | H=4 | I=12.17
12,images/012_total_B23_image12.jpeg,total,B23,B23,23,2,23,2,xl/drawings/drawing1.xml,xl/media/image12.jpeg,ID_1947C120103C4F3483EA0F9077E9B265,,Row 23: A=14 | C=05617a | D=YLL-087 | E=（蓝色）新升级6D 过滤棉 50*40 两片装 | F=(Blue) New upgraded 6D filter cotton 50*40 two pieces | G=3.0422535211267601 | H=4 | I=12.17,Row 22: A=13 | C=02771 | D=YKL-018 | E=亚克力培养箱 20*10*10 | F=Acrylic incubator 20*10*10 | G=2.86 | H=4 | I=11.44 ; Row 23: A=14 | C=05617a | D=YLL-087 | E=（蓝色）新升级6D 过滤棉 50*40 两片装 | F=(Blue) New upgraded 6D filter cotton 50*40 two pieces | G=3.0422535211267601 | H=4 | I=12.17 ; Row 24: A=15 | C=07116 | D=YFF-042 | E=纳米培养环混合装 | F=Nano Culture Ring Mixed Pack | G=1.31 | H=8 | I=10.48
13,images/013_total_B24_image13.jpeg,total,B24,B24,24,2,24,2,xl/drawings/drawing1.xml,xl/media/image13.jpeg,ID_723A1309D4BD4C0CB28302E76F18CF9D,,Row 24: A=15 | C=07116 | D=YFF-042 | E=纳米培养环混合装 | F=Nano Culture Ring Mixed Pack | G=1.31 | H=8 | I=10.48,Row 23: A=14 | C=05617a | D=YLL-087 | E=（蓝色）新升级6D 过滤棉 50*40 两片装 | F=(Blue) New upgraded 6D filter cotton 50*40 two pieces | G=3.0422535211267601 | H=4 | I=12.17 ; Row 24: A=15 | C=07116 | D=YFF-042 | E=纳米培养环混合装 | F=Nano Culture Ring Mixed Pack | G=1.31 | H=8 | I=10.48 ; Row 25: A=16 | C=17699a | D=YAA-009. | E=高能量培菌砖 | F=High energy culture bricks | G=0.83 | H=5 | I=4.1500000000000004
14,images/014_total_B25_image14.png,total,B25,B25,25,2,25,2,xl/drawings/drawing1.xml,xl/media/image14.png,ID_A3C4D6D8339147CCBF4BEE3FB7854DBA,,Row 25: A=16 | C=17699a | D=YAA-009. | E=高能量培菌砖 | F=High energy culture bricks | G=0.83 | H=5 | I=4.1500000000000004,Row 24: A=15 | C=07116 | D=YFF-042 | E=纳米培养环混合装 | F=Nano Culture Ring Mixed Pack | G=1.31 | H=8 | I=10.48 ; Row 25: A=16 | C=17699a | D=YAA-009. | E=高能量培菌砖 | F=High energy culture bricks | G=0.83 | H=5 | I=4.1500000000000004 ; Row 26: A=17 | C=11578 | D=NYH-006 | E=Nepall 3D曲奇滤材 500g | F=3D filter material | G=1.67 | H=6 | I=10.02
15,images/015_total_B26_image15.png,total,B26,B26,26,2,26,2,xl/drawings/drawing1.xml,xl/media/image15.png,ID_025372E757484C4FB52D4FFB45CB4934,,Row 26: A=17 | C=11578 | D=NYH-006 | E=Nepall 3D曲奇滤材 500g | F=3D filter material | G=1.67 | H=6 | I=10.02,Row 25: A=16 | C=17699a | D=YAA-009. | E=高能量培菌砖 | F=High energy culture bricks | G=0.83 | H=5 | I=4.1500000000000004 ; Row 26: A=17 | C=11578 | D=NYH-006 | E=Nepall 3D曲奇滤材 500g | F=3D filter material | G=1.67 | H=6 | I=10.02 ; Row 27: A=18 | C=71934 | D=YLC-410 | E=十六合一滤材 2.5kg | F=16-in-1 filter material 2.5kg | G=2.6056338028169002 | H=5 | I=13.03
16,images/016_total_B27_image16.png,total,B27,B27,27,2,27,2,xl/drawings/drawing1.xml,xl/media/image16.png,ID_794267E443864AC5855C2B9D9A15100D,,Row 27: A=18 | C=71934 | D=YLC-410 | E=十六合一滤材 2.5kg | F=16-in-1 filter material 2.5kg | G=2.6056338028169002 | H=5 | I=13.03,Row 26: A=17 | C=11578 | D=NYH-006 | E=Nepall 3D曲奇滤材 500g | F=3D filter material | G=1.67 | H=6 | I=10.02 ; Row 27: A=18 | C=71934 | D=YLC-410 | E=十六合一滤材 2.5kg | F=16-in-1 filter material 2.5kg | G=2.6056338028169002 | H=5 | I=13.03 ; Row 28: A=19 | C=17831 | D=YLC-409 | E=六合一滤材 500g | F=Six-in-one filter material 500g | G=0.971830985915493 | H=5 | I=4.8600000000000003
17,images/017_total_B28_image17.png,total,B28,B28,28,2,28,2,xl/drawings/drawing1.xml,xl/media/image17.png,ID_470B0ED6DBAB4FA1A96522AF23897464,,Row 28: A=19 | C=17831 | D=YLC-409 | E=六合一滤材 500g | F=Six-in-one filter material 500g | G=0.971830985915493 | H=5 | I=4.8600000000000003,Row 27: A=18 | C=71934 | D=YLC-410 | E=十六合一滤材 2.5kg | F=16-in-1 filter material 2.5kg | G=2.6056338028169002 | H=5 | I=13.03 ; Row 28: A=19 | C=17831 | D=YLC-409 | E=六合一滤材 500g | F=Six-in-one filter material 500g | G=0.971830985915493 | H=5 | I=4.8600000000000003 ; Row 29: A=20 | C=C4-1067-1 | D=C4-1067 | E=3W 油膜处理器 | F=3W oil film processor | G=2.61 | H=4 | I=10.44
18,images/018_total_B29_image18.png,total,B29,B29,29,2,29,2,xl/drawings/drawing1.xml,xl/media/image18.png,ID_8A95FA0E58214160A0D4C97D1B3DD5EC,,Row 29: A=20 | C=C4-1067-1 | D=C4-1067 | E=3W 油膜处理器 | F=3W oil film processor | G=2.61 | H=4 | I=10.44,"Row 28: A=19 | C=17831 | D=YLC-409 | E=六合一滤材 500g | F=Six-in-one filter material 500g | G=0.971830985915493 | H=5 | I=4.8600000000000003 ; Row 29: A=20 | C=C4-1067-1 | D=C4-1067 | E=3W 油膜处理器 | F=3W oil film processor | G=2.61 | H=4 | I=10.44 ; Row 30: A=21 | C=08116 | D=LED-318 | E=yee三色可调 3.5W 双排广角灯27cm | F=Yee three-color adjustable 3.5W double-row wide-angle light, 27cm | G=0 | H=4 | I=0 | J=Free gift"
19,images/019_total_B30_image19.png,total,B30,B30,30,2,30,2,xl/drawings/drawing1.xml,xl/media/image19.png,ID_AEB6BE9CF3A04107BD1D80F92827EBD9,,"Row 30: A=21 | C=08116 | D=LED-318 | E=yee三色可调 3.5W 双排广角灯27cm | F=Yee three-color adjustable 3.5W double-row wide-angle light, 27cm | G=0 | H=4 | I=0 | J=Free gift","Row 29: A=20 | C=C4-1067-1 | D=C4-1067 | E=3W 油膜处理器 | F=3W oil film processor | G=2.61 | H=4 | I=10.44 ; Row 30: A=21 | C=08116 | D=LED-318 | E=yee三色可调 3.5W 双排广角灯27cm | F=Yee three-color adjustable 3.5W double-row wide-angle light, 27cm | G=0 | H=4 | I=0 | J=Free gift ; Row 31: A=22 | C=07140 | D=CLS-107 | E=鱼缸磁力刷 大号 蓝色强磁 | F=Aquarium magnetic cleaning brush, large size, blue, strong magnet. | G=0 | H=3 | I=0 | J=Free gift"
20,images/020_total_B31_image20.png,total,B31,B31,31,2,31,2,xl/drawings/drawing1.xml,xl/media/image20.png,ID_18B996C3883041D7840AF27AE3A6FA9C,,"Row 31: A=22 | C=07140 | D=CLS-107 | E=鱼缸磁力刷 大号 蓝色强磁 | F=Aquarium magnetic cleaning brush, large size, blue, strong magnet. | G=0 | H=3 | I=0 | J=Free gift","Row 30: A=21 | C=08116 | D=LED-318 | E=yee三色可调 3.5W 双排广角灯27cm | F=Yee three-color adjustable 3.5W double-row wide-angle light, 27cm | G=0 | H=4 | I=0 | J=Free gift ; Row 31: A=22 | C=07140 | D=CLS-107 | E=鱼缸磁力刷 大号 蓝色强磁 | F=Aquarium magnetic cleaning brush, large size, blue, strong magnet. | G=0 | H=3 | I=0 | J=Free gift ; Row 32: A=23 | C=1.15.60 | D=YEE-3656 | E=16mm牛筋管1.0米 | F=1.0 meter of 16mm reinforced plastic tubing | G=0 | H=5 | I=0 | J=Free gift"
21,images/021_total_B32_image21.png,total,B32,B32,32,2,32,2,xl/drawings/drawing1.xml,xl/media/image21.png,ID_176ADFC8856643AE98F2813572C8DA03,,Row 32: A=23 | C=1.15.60 | D=YEE-3656 | E=16mm牛筋管1.0米 | F=1.0 meter of 16mm reinforced plastic tubing | G=0 | H=5 | I=0 | J=Free gift,"Row 31: A=22 | C=07140 | D=CLS-107 | E=鱼缸磁力刷 大号 蓝色强磁 | F=Aquarium magnetic cleaning brush, large size, blue, strong magnet. | G=0 | H=3 | I=0 | J=Free gift ; Row 32: A=23 | C=1.15.60 | D=YEE-3656 | E=16mm牛筋管1.0米 | F=1.0 meter of 16mm reinforced plastic tubing | G=0 | H=5 | I=0 | J=Free gift ; Row 33: A=24 | C=06255 | D=YXL-003 | E=400x230x250mm 5mm厚 | F=400x230x250mm 5mm thick | G=6.28169014084507 | H=2 | I=12.563380281690099 | J=打木箱，大小号嵌套，内部塞其它产品"
22,images/022_total_B35_image22.jpeg,total,B35,B37,35,2,37,2,xl/drawings/drawing1.xml,xl/media/image22.jpeg,ID_29C19EA4841240CEA8C6A57D44FD93D3,,Row 35: A=26 | C=05381 | D=YKK-60 | E=600x300x350mm 5mm厚 | F=600x300x350mm 5mm thick | G=12.5211267605634 | H=2 | I=25.042253521126799,Row 34: A=25 | C=05380 | D=YKK-50 | E=500x270x300mm 5mm厚 | F=500x270x300mm 5mm thick | G=9.7323943661971803 | H=2 | I=19.4647887323944 ; Row 35: A=26 | C=05381 | D=YKK-60 | E=600x300x350mm 5mm厚 | F=600x300x350mm 5mm thick | G=12.5211267605634 | H=2 | I=25.042253521126799 ; Row 36: A=27 | C=16932 | D=YEE-1090 | E=35×35×35 6mm 厚 | F=35×35×35 6mm thick | G=8.5915492957746498 | H=2 | I=17.1830985915493 | J=打木箱，大小号嵌套，内部塞其它产品
23,images/023_total_B39_image23.jpeg,total,B39,B39,39,2,39,2,xl/drawings/drawing1.xml,xl/media/image23.jpeg,ID_96661301B8374C9B808869C8DBF5B11F,,Row 39: A=30 | C=C5-1123-2 | D=C5-1123 | E=裸缸侧虑溪流缸60*15*15cm 6mm送水泵 | F=Bare side stream tank 60*15*15cm 6mm water pump | G=17.295774647887299 | H=2 | I=34.591549295774598 | J=打木箱，内部塞其它产品,Row 38: A=29 | C=C5-1062-1 | D=C5-1062 | E=60*40*40cm 8mm | F=60*40*40cm 8mm | G=18.169014084507001 | H=2 | I=36.338028169014002 | J=打木箱，内部塞其它产品 ; Row 39: A=30 | C=C5-1123-2 | D=C5-1123 | E=裸缸侧虑溪流缸60*15*15cm 6mm送水泵 | F=Bare side stream tank 60*15*15cm 6mm water pump | G=17.295774647887299 | H=2 | I=34.591549295774598 | J=打木箱，内部塞其它产品 ; Row 40: A=Products price | I=440.68507042253498
24,images/024_total_B44_image24.png,total,B44,B44,44,2,44,2,xl/drawings/drawing1.xml,xl/media/image24.png,ID_A3A5D4C7C0FA480285FA67C683306AAB,,Row 44: A=1 | C=C1-1113-2 | D=C1-1113 | E=Yee小型鱼配合饲料全效合一0.6mm75g | F=Yee Small Fish Feed All-in-One 0.6mm 75g | G=0.63 | H=25 | I=15.75,Row 43: A=ORDER 2 （sensitive goods）敏货 ; Row 44: A=1 | C=C1-1113-2 | D=C1-1113 | E=Yee小型鱼配合饲料全效合一0.6mm75g | F=Yee Small Fish Feed All-in-One 0.6mm 75g | G=0.63 | H=25 | I=15.75 ; Row 45: A=2 | C=C1-1127-1 | D=C1-1127 | E=金鱼兰寿善玉菌+螺旋藻色扬配合饲料290g缓沉3.0mm | F=Goldfish Orchid Longevity Jade Fungus + Spirulina Color Yang Compound Feed 290g Slow Sinking 3.0mm | G=1.8 | H=15 | I=27
25,images/025_total_B45_image25.png,total,B45,B45,45,2,45,2,xl/drawings/drawing1.xml,xl/media/image25.png,ID_77FD2E451D9943B3A02749B3367E0078,,Row 45: A=2 | C=C1-1127-1 | D=C1-1127 | E=金鱼兰寿善玉菌+螺旋藻色扬配合饲料290g缓沉3.0mm | F=Goldfish Orchid Longevity Jade Fungus + Spirulina Color Yang Compound Feed 290g Slow Sinking 3.0mm | G=1.8 | H=15 | I=27,Row 44: A=1 | C=C1-1113-2 | D=C1-1113 | E=Yee小型鱼配合饲料全效合一0.6mm75g | F=Yee Small Fish Feed All-in-One 0.6mm 75g | G=0.63 | H=25 | I=15.75 ; Row 45: A=2 | C=C1-1127-1 | D=C1-1127 | E=金鱼兰寿善玉菌+螺旋藻色扬配合饲料290g缓沉3.0mm | F=Goldfish Orchid Longevity Jade Fungus + Spirulina Color Yang Compound Feed 290g Slow Sinking 3.0mm | G=1.8 | H=15 | I=27 ; Row 46: A=3 | C=C1-1073-1a | D=C1-1073 | E=Yee斗鱼配合饲料0.8mm130g新更换条码 | F=Betta fish food 0.8mm 130g New | G=0.97 | H=20 | I=19.399999999999999
26,images/026_total_B46_image26.jpeg,total,B46,B46,46,2,46,2,xl/drawings/drawing1.xml,xl/media/image26.jpeg,ID_F6BC02C6514E4D059933F55F775B721C,post_object_image_329474928,Row 46: A=3 | C=C1-1073-1a | D=C1-1073 | E=Yee斗鱼配合饲料0.8mm130g新更换条码 | F=Betta fish food 0.8mm 130g New | G=0.97 | H=20 | I=19.399999999999999,Row 45: A=2 | C=C1-1127-1 | D=C1-1127 | E=金鱼兰寿善玉菌+螺旋藻色扬配合饲料290g缓沉3.0mm | F=Goldfish Orchid Longevity Jade Fungus + Spirulina Color Yang Compound Feed 290g Slow Sinking 3.0mm | G=1.8 | H=15 | I=27 ; Row 46: A=3 | C=C1-1073-1a | D=C1-1073 | E=Yee斗鱼配合饲料0.8mm130g新更换条码 | F=Betta fish food 0.8mm 130g New | G=0.97 | H=20 | I=19.399999999999999 ; Row 47: A=4 | C=C1-1082-5 | D=C1-1082 | E=仿红虫0.5mm115gLLG | F=Imitation red worm feed 0.5mm 115g | G=1.35 | H=30 | I=40.5
27,images/027_total_B47_image27.png,total,B47,B47,47,2,47,2,xl/drawings/drawing1.xml,xl/media/image27.png,ID_E574962951164B2CA1D6D0B7EC60D7E6,,Row 47: A=4 | C=C1-1082-5 | D=C1-1082 | E=仿红虫0.5mm115gLLG | F=Imitation red worm feed 0.5mm 115g | G=1.35 | H=30 | I=40.5,Row 46: A=3 | C=C1-1073-1a | D=C1-1073 | E=Yee斗鱼配合饲料0.8mm130g新更换条码 | F=Betta fish food 0.8mm 130g New | G=0.97 | H=20 | I=19.399999999999999 ; Row 47: A=4 | C=C1-1082-5 | D=C1-1082 | E=仿红虫0.5mm115gLLG | F=Imitation red worm feed 0.5mm 115g | G=1.35 | H=30 | I=40.5 ; Row 48: A=5 | C=C1-1065-1 | D=C1-1065 | E=Yee蝴蝶鲤配合饲料1.5mm300g袋装 | F=Floating Grain - Competition Grade 45% High Protein [1.5mm Small Particles] 300g Bag | G=0.86 | H=5 | I=4.3
28,images/028_total_B48_image28.png,total,B48,B48,48,2,48,2,xl/drawings/drawing1.xml,xl/media/image28.png,ID_816C6E04EA274BC185016E61E217C1C7,,Row 48: A=5 | C=C1-1065-1 | D=C1-1065 | E=Yee蝴蝶鲤配合饲料1.5mm300g袋装 | F=Floating Grain - Competition Grade 45% High Protein [1.5mm Small Particles] 300g Bag | G=0.86 | H=5 | I=4.3,Row 47: A=4 | C=C1-1082-5 | D=C1-1082 | E=仿红虫0.5mm115gLLG | F=Imitation red worm feed 0.5mm 115g | G=1.35 | H=30 | I=40.5 ; Row 48: A=5 | C=C1-1065-1 | D=C1-1065 | E=Yee蝴蝶鲤配合饲料1.5mm300g袋装 | F=Floating Grain - Competition Grade 45% High Protein [1.5mm Small Particles] 300g Bag | G=0.86 | H=5 | I=4.3 ; Row 49: A=6 | C=C1-1066-2 | D=C1-1066 | E=Yee水族观赏虾专用粮260g | F=【40% High Protein】Special Food for Ornamental Shrimp 260g | G=1.7 | H=6 | I=10.199999999999999
29,images/029_total_B49_image29.png,total,B49,B49,49,2,49,2,xl/drawings/drawing1.xml,xl/media/image29.png,ID_F520C5AD041A490DA63E231B61F7435A,upload_post_object_v2_1086344474,Row 49: A=6 | C=C1-1066-2 | D=C1-1066 | E=Yee水族观赏虾专用粮260g | F=【40% High Protein】Special Food for Ornamental Shrimp 260g | G=1.7 | H=6 | I=10.199999999999999,Row 48: A=5 | C=C1-1065-1 | D=C1-1065 | E=Yee蝴蝶鲤配合饲料1.5mm300g袋装 | F=Floating Grain - Competition Grade 45% High Protein [1.5mm Small Particles] 300g Bag | G=0.86 | H=5 | I=4.3 ; Row 49: A=6 | C=C1-1066-2 | D=C1-1066 | E=Yee水族观赏虾专用粮260g | F=【40% High Protein】Special Food for Ornamental Shrimp 260g | G=1.7 | H=6 | I=10.199999999999999 ; Row 50: A=7 | C=03446a | D=YYY-078 | E=新款脱壳卵(80g150ml)白瓶+喂食器SJ | F=New Shelled Eggs (80g 150ml) White Bottle + Feeder | G=1.65 | H=10 | I=16.5
30,images/030_total_B50_image30.png,total,B50,B50,50,2,50,2,xl/drawings/drawing1.xml,xl/media/image30.png,ID_92917348F09C43CEB24FFEB217F3901B,,Row 50: A=7 | C=03446a | D=YYY-078 | E=新款脱壳卵(80g150ml)白瓶+喂食器SJ | F=New Shelled Eggs (80g 150ml) White Bottle + Feeder | G=1.65 | H=10 | I=16.5,Row 49: A=6 | C=C1-1066-2 | D=C1-1066 | E=Yee水族观赏虾专用粮260g | F=【40% High Protein】Special Food for Ornamental Shrimp 260g | G=1.7 | H=6 | I=10.199999999999999 ; Row 50: A=7 | C=03446a | D=YYY-078 | E=新款脱壳卵(80g150ml)白瓶+喂食器SJ | F=New Shelled Eggs (80g 150ml) White Bottle + Feeder | G=1.65 | H=10 | I=16.5 ; Row 51: A=8 | C=C1-1125-1 | D=C1-1125 | E=Yee水族-寄居蟹冻干盛宴55g55g | F=Yee Aqua-Hermit Crab Freeze-Dried Feast 55g | G=1.27 | H=3 | I=3.81
31,images/031_total_B51_image31.png,total,B51,B51,51,2,51,2,xl/drawings/drawing1.xml,xl/media/image31.png,ID_5B3AA22F5F12434483F9DFF3D2D114D2,,Row 51: A=8 | C=C1-1125-1 | D=C1-1125 | E=Yee水族-寄居蟹冻干盛宴55g55g | F=Yee Aqua-Hermit Crab Freeze-Dried Feast 55g | G=1.27 | H=3 | I=3.81,Row 50: A=7 | C=03446a | D=YYY-078 | E=新款脱壳卵(80g150ml)白瓶+喂食器SJ | F=New Shelled Eggs (80g 150ml) White Bottle + Feeder | G=1.65 | H=10 | I=16.5 ; Row 51: A=8 | C=C1-1125-1 | D=C1-1125 | E=Yee水族-寄居蟹冻干盛宴55g55g | F=Yee Aqua-Hermit Crab Freeze-Dried Feast 55g | G=1.27 | H=3 | I=3.81 ; Row 52: A=9 | C=C1-1069-1 | D=C1-1069 | E=鱼粮连包铜版纸吊卡DJ | F=Fish feed with coated paper hanger | G=0.62 | H=15 | I=9.3000000000000007
32,images/032_total_B52_image32.jpeg,total,B52,B52,52,2,52,2,xl/drawings/drawing1.xml,xl/media/image32.jpeg,ID_B90B20C361004ECAA4B85302917E08D2,upload_post_object_v2_3232051153,Row 52: A=9 | C=C1-1069-1 | D=C1-1069 | E=鱼粮连包铜版纸吊卡DJ | F=Fish feed with coated paper hanger | G=0.62 | H=15 | I=9.3000000000000007,Row 51: A=8 | C=C1-1125-1 | D=C1-1125 | E=Yee水族-寄居蟹冻干盛宴55g55g | F=Yee Aqua-Hermit Crab Freeze-Dried Feast 55g | G=1.27 | H=3 | I=3.81 ; Row 52: A=9 | C=C1-1069-1 | D=C1-1069 | E=鱼粮连包铜版纸吊卡DJ | F=Fish feed with coated paper hanger | G=0.62 | H=15 | I=9.3000000000000007 ; Row 53: A=10 | C=C1-1082-2a | D=C1-1082 | E=Yee小型鱼配合饲料全效合一0.2mm210g更换条码 | F=【All-in-one】Microparticles/0.2mm/210g | G=1.04 | H=10 | I=10.4
33,images/033_total_B53_image33.png,total,B53,B53,53,2,53,2,xl/drawings/drawing1.xml,xl/media/image33.png,ID_4D2D993C5D8A4765A1B79E8E125EA7AB,upload_post_object_v2_3296333685,Row 53: A=10 | C=C1-1082-2a | D=C1-1082 | E=Yee小型鱼配合饲料全效合一0.2mm210g更换条码 | F=【All-in-one】Microparticles/0.2mm/210g | G=1.04 | H=10 | I=10.4,"Row 52: A=9 | C=C1-1069-1 | D=C1-1069 | E=鱼粮连包铜版纸吊卡DJ | F=Fish feed with coated paper hanger | G=0.62 | H=15 | I=9.3000000000000007 ; Row 53: A=10 | C=C1-1082-2a | D=C1-1082 | E=Yee小型鱼配合饲料全效合一0.2mm210g更换条码 | F=【All-in-one】Microparticles/0.2mm/210g | G=1.04 | H=10 | I=10.4 ; Row 54: A=11 | C=C1-1134-6 | D=C1-1134 | E=金鱼兰寿配合饲料1.5mm下沉500g袋装 | F=Ranchu goldfish formulated feed, 1.5mm diameter, sinks 500g per bag. | G=1.69 | H=12 | I=20.28"
34,images/034_total_B54_image34.png,total,B54,B54,54,2,54,2,xl/drawings/drawing1.xml,xl/media/image34.png,ID_6A54ED16B934437FA40CD451264AD254,,"Row 54: A=11 | C=C1-1134-6 | D=C1-1134 | E=金鱼兰寿配合饲料1.5mm下沉500g袋装 | F=Ranchu goldfish formulated feed, 1.5mm diameter, sinks 500g per bag. | G=1.69 | H=12 | I=20.28","Row 53: A=10 | C=C1-1082-2a | D=C1-1082 | E=Yee小型鱼配合饲料全效合一0.2mm210g更换条码 | F=【All-in-one】Microparticles/0.2mm/210g | G=1.04 | H=10 | I=10.4 ; Row 54: A=11 | C=C1-1134-6 | D=C1-1134 | E=金鱼兰寿配合饲料1.5mm下沉500g袋装 | F=Ranchu goldfish formulated feed, 1.5mm diameter, sinks 500g per bag. | G=1.69 | H=12 | I=20.28 ; Row 55: A=12 | C=C1-1086-1 | D=C1-1086 | E=Yee水族冻干丰年虾块18g | F=Yee Aquarium Freeze-dried Brine Shrimp Chunks 18g 225ml | G=0.9 | H=8 | I=7.2"
35,images/035_total_B55_image35.jpeg,total,B55,B55,55,2,55,2,xl/drawings/drawing1.xml,xl/media/image35.jpeg,ID_18FBC7A539E64AD49661F842A36BEF54,post_object_image_1254049190,Row 55: A=12 | C=C1-1086-1 | D=C1-1086 | E=Yee水族冻干丰年虾块18g | F=Yee Aquarium Freeze-dried Brine Shrimp Chunks 18g 225ml | G=0.9 | H=8 | I=7.2,"Row 54: A=11 | C=C1-1134-6 | D=C1-1134 | E=金鱼兰寿配合饲料1.5mm下沉500g袋装 | F=Ranchu goldfish formulated feed, 1.5mm diameter, sinks 500g per bag. | G=1.69 | H=12 | I=20.28 ; Row 55: A=12 | C=C1-1086-1 | D=C1-1086 | E=Yee水族冻干丰年虾块18g | F=Yee Aquarium Freeze-dried Brine Shrimp Chunks 18g 225ml | G=0.9 | H=8 | I=7.2 ; Row 56: A=13 | C=C1-1124-1 | D=C1-1124 | E=Yee意牌水族三合一斗鱼配合饲料15g | F=Yee Brand 3-in-1 Betta Fish Food 15g | G=0.48 | H=10 | I=4.8"
36,images/036_total_B56_image36.png,total,B56,B56,56,2,56,2,xl/drawings/drawing1.xml,xl/media/image36.png,ID_E9E6555257D94C76B846B57D81509DD0,,Row 56: A=13 | C=C1-1124-1 | D=C1-1124 | E=Yee意牌水族三合一斗鱼配合饲料15g | F=Yee Brand 3-in-1 Betta Fish Food 15g | G=0.48 | H=10 | I=4.8,Row 55: A=12 | C=C1-1086-1 | D=C1-1086 | E=Yee水族冻干丰年虾块18g | F=Yee Aquarium Freeze-dried Brine Shrimp Chunks 18g 225ml | G=0.9 | H=8 | I=7.2 ; Row 56: A=13 | C=C1-1124-1 | D=C1-1124 | E=Yee意牌水族三合一斗鱼配合饲料15g | F=Yee Brand 3-in-1 Betta Fish Food 15g | G=0.48 | H=10 | I=4.8 ; Row 57: A=14 | C=12420 | D=YYH-125 | E=白点净300ml | F=White Spot Cleaner 300ml | G=0.71830985915492995 | H=10 | I=7.1830985915493004
37,images/037_total_B57_image37.jpeg,total,B57,B57,57,2,57,2,xl/drawings/drawing1.xml,xl/media/image37.jpeg,ID_A7CA46A9C261432AACAF14AE95FB5BDE,O1CN012f4oET1RcxSN1I9bv_!!2543052133-0-cib.320x320,Row 57: A=14 | C=12420 | D=YYH-125 | E=白点净300ml | F=White Spot Cleaner 300ml | G=0.71830985915492995 | H=10 | I=7.1830985915493004,Row 56: A=13 | C=C1-1124-1 | D=C1-1124 | E=Yee意牌水族三合一斗鱼配合饲料15g | F=Yee Brand 3-in-1 Betta Fish Food 15g | G=0.48 | H=10 | I=4.8 ; Row 57: A=14 | C=12420 | D=YYH-125 | E=白点净300ml | F=White Spot Cleaner 300ml | G=0.71830985915492995 | H=10 | I=7.1830985915493004 ; Row 58: A=15 | C=19768a | D=YYH-207 | E=亚甲基蓝溶液 600ml | F=Methylene blue solution 600ml | G=0.93 | H=8 | I=7.44
38,images/038_total_B58_image38.png,total,B58,B58,58,2,58,2,xl/drawings/drawing1.xml,xl/media/image38.png,ID_A4645592F4BC4E188429B0B9321B9459,,Row 58: A=15 | C=19768a | D=YYH-207 | E=亚甲基蓝溶液 600ml | F=Methylene blue solution 600ml | G=0.93 | H=8 | I=7.44,Row 57: A=14 | C=12420 | D=YYH-125 | E=白点净300ml | F=White Spot Cleaner 300ml | G=0.71830985915492995 | H=10 | I=7.1830985915493004 ; Row 58: A=15 | C=19768a | D=YYH-207 | E=亚甲基蓝溶液 600ml | F=Methylene blue solution 600ml | G=0.93 | H=8 | I=7.44 ; Row 59: A=16 | C=02856a | D=YYH-006 | E=杀菌/抑菌/速溶粉末2g/袋×10袋[1盒] | F=Bactericidal/antibacterial/instant powder 2g/bag × 10 bags [1 box] | G=1.1299999999999999 | H=6 | I=6.78
39,images/039_total_B59_image39.jpeg,total,B59,B59,59,2,59,2,xl/drawings/drawing1.xml,xl/media/image39.jpeg,ID_3E83BEFE8C6544C0B89B195D3B6BD39E,23333222131_795575250.100x100,Row 59: A=16 | C=02856a | D=YYH-006 | E=杀菌/抑菌/速溶粉末2g/袋×10袋[1盒] | F=Bactericidal/antibacterial/instant powder 2g/bag × 10 bags [1 box] | G=1.1299999999999999 | H=6 | I=6.78,Row 58: A=15 | C=19768a | D=YYH-207 | E=亚甲基蓝溶液 600ml | F=Methylene blue solution 600ml | G=0.93 | H=8 | I=7.44 ; Row 59: A=16 | C=02856a | D=YYH-006 | E=杀菌/抑菌/速溶粉末2g/袋×10袋[1盒] | F=Bactericidal/antibacterial/instant powder 2g/bag × 10 bags [1 box] | G=1.1299999999999999 | H=6 | I=6.78 ; Row 60: A=17 | C=c2-1016-2 | D=c2-1016 | E=Yee意牌水族净氨系列活性益生菌760ml | F=Yee Aquarium Cleansing Ammonia Series Active Probiotics 760ml | G=2.34 | H=10 | I=23.4
40,images/040_total_B60_image40.jpeg,total,B60,B61,60,2,61,2,xl/drawings/drawing1.xml,xl/media/image40.jpeg,ID_02B018E10EFF461685556E5A0F243D36,upload_post_object_v2_314746804,Row 60: A=17 | C=c2-1016-2 | D=c2-1016 | E=Yee意牌水族净氨系列活性益生菌760ml | F=Yee Aquarium Cleansing Ammonia Series Active Probiotics 760ml | G=2.34 | H=10 | I=23.4,Row 59: A=16 | C=02856a | D=YYH-006 | E=杀菌/抑菌/速溶粉末2g/袋×10袋[1盒] | F=Bactericidal/antibacterial/instant powder 2g/bag × 10 bags [1 box] | G=1.1299999999999999 | H=6 | I=6.78 ; Row 60: A=17 | C=c2-1016-2 | D=c2-1016 | E=Yee意牌水族净氨系列活性益生菌760ml | F=Yee Aquarium Cleansing Ammonia Series Active Probiotics 760ml | G=2.34 | H=10 | I=23.4 ; Row 61: A=18 | C=c2-1016-1a | D=c2-1016 | E=Yee意牌水族净氨系列活性益生菌400ml | F=Yee Aquarium Cleansing Ammonia Series Active Probiotics 400ml | G=1.38 | H=5 | I=6.9
41,images/041_total_B62_image41.png,total,B62,B62,62,2,62,2,xl/drawings/drawing1.xml,xl/media/image41.png,ID_5B1CF40CC5A84DEFAC78A15585280974,,Row 62: A=19 | C=02924 | D=YYH-039 | E=yee蓝色经典-除氯水质稳定剂535ml | F=Yee Blue Classic-Chlorine Removal Water Stabilizer 535ml | G=0.72 | H=15 | I=10.8,Row 61: A=18 | C=c2-1016-1a | D=c2-1016 | E=Yee意牌水族净氨系列活性益生菌400ml | F=Yee Aquarium Cleansing Ammonia Series Active Probiotics 400ml | G=1.38 | H=5 | I=6.9 ; Row 62: A=19 | C=02924 | D=YYH-039 | E=yee蓝色经典-除氯水质稳定剂535ml | F=Yee Blue Classic-Chlorine Removal Water Stabilizer 535ml | G=0.72 | H=15 | I=10.8 ; Row 63: A=20 | C=16940 | D=YYH-173 | E=抗应激水质稳定剂 500ml 新风格 | F=Anti-stress water stabilizer 500ml New style | G=0.91549295774647899 | H=8 | I=7.3239436619718301
42,images/042_total_B63_image42.png,total,B63,B63,63,2,63,2,xl/drawings/drawing1.xml,xl/media/image42.png,ID_08F7CF3C3A324954A669584622A169EB,,Row 63: A=20 | C=16940 | D=YYH-173 | E=抗应激水质稳定剂 500ml 新风格 | F=Anti-stress water stabilizer 500ml New style | G=0.91549295774647899 | H=8 | I=7.3239436619718301,Row 62: A=19 | C=02924 | D=YYH-039 | E=yee蓝色经典-除氯水质稳定剂535ml | F=Yee Blue Classic-Chlorine Removal Water Stabilizer 535ml | G=0.72 | H=15 | I=10.8 ; Row 63: A=20 | C=16940 | D=YYH-173 | E=抗应激水质稳定剂 500ml 新风格 | F=Anti-stress water stabilizer 500ml New style | G=0.91549295774647899 | H=8 | I=7.3239436619718301 ; Row 64: A=21 | C=C3-1010-3 | D=C3-1010 | E=【氨氮测试剂】可测约60次/精准快速 | F=【Ammonia nitrogen tester】can test about 60 times/accurate and fast | G=2.87 | H=8 | I=22.96
43,images/043_total_B64_image43.png,total,B64,B65,64,2,65,2,xl/drawings/drawing1.xml,xl/media/image43.png,ID_3C360B020CEB45B39A741EE4EEB16A1D,,Row 64: A=21 | C=C3-1010-3 | D=C3-1010 | E=【氨氮测试剂】可测约60次/精准快速 | F=【Ammonia nitrogen tester】can test about 60 times/accurate and fast | G=2.87 | H=8 | I=22.96,Row 63: A=20 | C=16940 | D=YYH-173 | E=抗应激水质稳定剂 500ml 新风格 | F=Anti-stress water stabilizer 500ml New style | G=0.91549295774647899 | H=8 | I=7.3239436619718301 ; Row 64: A=21 | C=C3-1010-3 | D=C3-1010 | E=【氨氮测试剂】可测约60次/精准快速 | F=【Ammonia nitrogen tester】can test about 60 times/accurate and fast | G=2.87 | H=8 | I=22.96 ; Row 65: A=22 | C=C3-1010-1 | D=C3-1010 | E=【亚硝酸盐测试剂】可测约100次/精准快速 | F=【Nitrite test kit】can test about 100 times/accurate and fast | G=2.87 | H=8 | I=22.96
44,images/044_total_B66_image44.png,total,B66,B66,66,2,66,2,xl/drawings/drawing1.xml,xl/media/image44.png,ID_4F23850266B04A4F8094E7EB0FC11894,,Row 66: A=23 | C=C4-1123-1a | D=C4-1123 | E=【新手级50条】9合1/桶装/带对比表 | F=[Novice Level 50] 9-in-1/Bucket/With Comparison Chart | G=1.62 | H=10 | I=16.2,Row 65: A=22 | C=C3-1010-1 | D=C3-1010 | E=【亚硝酸盐测试剂】可测约100次/精准快速 | F=【Nitrite test kit】can test about 100 times/accurate and fast | G=2.87 | H=8 | I=22.96 ; Row 66: A=23 | C=C4-1123-1a | D=C4-1123 | E=【新手级50条】9合1/桶装/带对比表 | F=[Novice Level 50] 9-in-1/Bucket/With Comparison Chart | G=1.62 | H=10 | I=16.2 ; Row 67: A=24 | C=C2-1005-1 | D=C2-1005 | E=Yee意牌水族硝化菌+益生菌胶囊50粒 | F=Yee Aquarium Nitrifying Bacteria + Probiotics Capsules 50 capsules | G=0.85 | H=12 | I=10.199999999999999
45,images/045_total_B67_image45.png,total,B67,B68,67,2,68,2,xl/drawings/drawing1.xml,xl/media/image45.png,ID_03D8DFE1635141878AB45D38E6E3A231,,Row 67: A=24 | C=C2-1005-1 | D=C2-1005 | E=Yee意牌水族硝化菌+益生菌胶囊50粒 | F=Yee Aquarium Nitrifying Bacteria + Probiotics Capsules 50 capsules | G=0.85 | H=12 | I=10.199999999999999,Row 66: A=23 | C=C4-1123-1a | D=C4-1123 | E=【新手级50条】9合1/桶装/带对比表 | F=[Novice Level 50] 9-in-1/Bucket/With Comparison Chart | G=1.62 | H=10 | I=16.2 ; Row 67: A=24 | C=C2-1005-1 | D=C2-1005 | E=Yee意牌水族硝化菌+益生菌胶囊50粒 | F=Yee Aquarium Nitrifying Bacteria + Probiotics Capsules 50 capsules | G=0.85 | H=12 | I=10.199999999999999 ; Row 68: A=25 | C=C2-1005-2 | D=C2-1005 | E=Yee意牌水族硝化菌+益生菌胶囊100粒 | F=Yee Aquarium Nitrifying Bacteria + Probiotics Capsules 100 Capsules | G=1.27 | H=8 | I=10.16
46,images/046_total_B69_image46.png,total,B69,B69,69,2,69,2,xl/drawings/drawing1.xml,xl/media/image46.png,ID_57C75F3E4452493AA5BE50B8CC2E2743,,Row 69: A=26 | C=19429 | D=YYH-189 | E=除藻剂 500ml 新风格 | F=Algaecide 500ml New Style | G=0.91549295774647899 | H=10 | I=9.1549295774647899,Row 68: A=25 | C=C2-1005-2 | D=C2-1005 | E=Yee意牌水族硝化菌+益生菌胶囊100粒 | F=Yee Aquarium Nitrifying Bacteria + Probiotics Capsules 100 Capsules | G=1.27 | H=8 | I=10.16 ; Row 69: A=26 | C=19429 | D=YYH-189 | E=除藻剂 500ml 新风格 | F=Algaecide 500ml New Style | G=0.91549295774647899 | H=10 | I=9.1549295774647899 ; Row 70: A=27 | C=19939 | D=YYH-216 | E=抗应激水质稳定剂 1000ml 新风格 | F=Anti-stress water stabilizer 1000ml New style | G=1.12676056338028 | H=6 | I=6.7605633802816802
47,images/047_total_B70_image47.png,total,B70,B70,70,2,70,2,xl/drawings/drawing1.xml,xl/media/image47.png,ID_45AEEE5F06B04E64980A087666F6BDA2,,Row 70: A=27 | C=19939 | D=YYH-216 | E=抗应激水质稳定剂 1000ml 新风格 | F=Anti-stress water stabilizer 1000ml New style | G=1.12676056338028 | H=6 | I=6.7605633802816802,Row 69: A=26 | C=19429 | D=YYH-189 | E=除藻剂 500ml 新风格 | F=Algaecide 500ml New Style | G=0.91549295774647899 | H=10 | I=9.1549295774647899 ; Row 70: A=27 | C=19939 | D=YYH-216 | E=抗应激水质稳定剂 1000ml 新风格 | F=Anti-stress water stabilizer 1000ml New style | G=1.12676056338028 | H=6 | I=6.7605633802816802 ; Row 71: A=28 | C=06834 | D=YAN-804 | E=多维矿物盐500克 | F=Multivitamin mineral salt 500g | G=0.2 | H=10 | I=2
48,images/048_total_B71_image48.png,total,B71,B71,71,2,71,2,xl/drawings/drawing1.xml,xl/media/image48.png,ID_30491A5D40504E73B65BFEB0EBF1867C,,Row 71: A=28 | C=06834 | D=YAN-804 | E=多维矿物盐500克 | F=Multivitamin mineral salt 500g | G=0.2 | H=10 | I=2,Row 70: A=27 | C=19939 | D=YYH-216 | E=抗应激水质稳定剂 1000ml 新风格 | F=Anti-stress water stabilizer 1000ml New style | G=1.12676056338028 | H=6 | I=6.7605633802816802 ; Row 71: A=28 | C=06834 | D=YAN-804 | E=多维矿物盐500克 | F=Multivitamin mineral salt 500g | G=0.2 | H=10 | I=2 ; Row 72: A=29 | C=01831 | D=YAN-915 | E=500G多维盐盒装YAN-915 | F=500G Multivitamin Salt Box YAN-915 | G=0.87 | H=5 | I=4.3499999999999996
49,images/049_total_B72_image49.png,total,B72,B72,72,2,72,2,xl/drawings/drawing1.xml,xl/media/image49.png,ID_03B00B4516094E4891F9B14B235B4F67,,Row 72: A=29 | C=01831 | D=YAN-915 | E=500G多维盐盒装YAN-915 | F=500G Multivitamin Salt Box YAN-915 | G=0.87 | H=5 | I=4.3499999999999996,Row 71: A=28 | C=06834 | D=YAN-804 | E=多维矿物盐500克 | F=Multivitamin mineral salt 500g | G=0.2 | H=10 | I=2 ; Row 72: A=29 | C=01831 | D=YAN-915 | E=500G多维盐盒装YAN-915 | F=500G Multivitamin Salt Box YAN-915 | G=0.87 | H=5 | I=4.3499999999999996 ; Row 73: A=30 | C=02938a | D=YYH-053 | E=yee蓝色经典-亚甲基蓝溶液235ml | F=Yee Blue Classic-Methylene Blue Solution 235ml | G=0.45 | H=10 | I=4.5
50,images/050_total_B73_image50.png,total,B73,B73,73,2,73,2,xl/drawings/drawing1.xml,xl/media/image50.png,ID_77391B1B009D4799A769B10BCFFDAA24,,Row 73: A=30 | C=02938a | D=YYH-053 | E=yee蓝色经典-亚甲基蓝溶液235ml | F=Yee Blue Classic-Methylene Blue Solution 235ml | G=0.45 | H=10 | I=4.5,Row 72: A=29 | C=01831 | D=YAN-915 | E=500G多维盐盒装YAN-915 | F=500G Multivitamin Salt Box YAN-915 | G=0.87 | H=5 | I=4.3499999999999996 ; Row 73: A=30 | C=02938a | D=YYH-053 | E=yee蓝色经典-亚甲基蓝溶液235ml | F=Yee Blue Classic-Methylene Blue Solution 235ml | G=0.45 | H=10 | I=4.5 ; Row 74: A=31 | C=C4-1123-2a | D=C4-1123 | E=【补充装】9合1/补充装/50条 | F=【Refill】9 in 1/Refill/50 pieces | G=1.06 | H=10 | I=10.6
51,images/051_total_B74_image51.png,total,B74,B74,74,2,74,2,xl/drawings/drawing1.xml,xl/media/image51.png,ID_E02F2DB94C874009BDDBABFAFE3DC078,,Row 74: A=31 | C=C4-1123-2a | D=C4-1123 | E=【补充装】9合1/补充装/50条 | F=【Refill】9 in 1/Refill/50 pieces | G=1.06 | H=10 | I=10.6,Row 73: A=30 | C=02938a | D=YYH-053 | E=yee蓝色经典-亚甲基蓝溶液235ml | F=Yee Blue Classic-Methylene Blue Solution 235ml | G=0.45 | H=10 | I=4.5 ; Row 74: A=31 | C=C4-1123-2a | D=C4-1123 | E=【补充装】9合1/补充装/50条 | F=【Refill】9 in 1/Refill/50 pieces | G=1.06 | H=10 | I=10.6 ; Row 75: A=37 | C=07509 | D=YFF-049 | E=水草泥肥力升级款细粒 1.5L | F=Water grass mud fertility upgrade fine grain 1.5L | G=1.23 | H=18 | I=22.14
52,images/052_total_B75_image52.png,total,B75,B76,75,2,76,2,xl/drawings/drawing1.xml,xl/media/image52.png,ID_9700C542A130410089F79775D38010AF,,Row 75: A=37 | C=07509 | D=YFF-049 | E=水草泥肥力升级款细粒 1.5L | F=Water grass mud fertility upgrade fine grain 1.5L | G=1.23 | H=18 | I=22.14,Row 74: A=31 | C=C4-1123-2a | D=C4-1123 | E=【补充装】9合1/补充装/50条 | F=【Refill】9 in 1/Refill/50 pieces | G=1.06 | H=10 | I=10.6 ; Row 75: A=37 | C=07509 | D=YFF-049 | E=水草泥肥力升级款细粒 1.5L | F=Water grass mud fertility upgrade fine grain 1.5L | G=1.23 | H=18 | I=22.14 ; Row 76: A=38 | C=07512 | D=YFF-052 | E=水草泥肥力升级款 粗粒 3L | F=Water grass mud fertility upgrade coarse grain 3L | G=2.39 | H=10 | I=23.9
53,images/053_total_B77_image53.png,total,B77,B77,77,2,77,2,xl/drawings/drawing1.xml,xl/media/image53.png,ID_A97DA41BFA4D46D59610F0337AF2B627,,Row 77: A=48 | C=13343 | D=PYD-200 | E=鱼缸除垢剂 200ml | F=Fish tank descaling agent 200ml | G=0.76056338028169002 | H=10 | I=7.6056338028169002,Row 76: A=38 | C=07512 | D=YFF-052 | E=水草泥肥力升级款 粗粒 3L | F=Water grass mud fertility upgrade coarse grain 3L | G=2.39 | H=10 | I=23.9 ; Row 77: A=48 | C=13343 | D=PYD-200 | E=鱼缸除垢剂 200ml | F=Fish tank descaling agent 200ml | G=0.76056338028169002 | H=10 | I=7.6056338028169002 ; Row 78: A=55 | C=00340 | D=YEE-3606 | E=外贴电子温度计 | F=External electronic thermometer | G=1.1000000000000001 | H=4 | I=4.4000000000000004 | J=装货单备注有电池
54,images/054_total_B78_image54.jpeg,total,B78,B78,78,2,78,2,xl/drawings/drawing1.xml,xl/media/image54.jpeg,ID_C4FD0DBEE40848EA893B6C49C7322AD9,,Row 78: A=55 | C=00340 | D=YEE-3606 | E=外贴电子温度计 | F=External electronic thermometer | G=1.1000000000000001 | H=4 | I=4.4000000000000004 | J=装货单备注有电池,Row 77: A=48 | C=13343 | D=PYD-200 | E=鱼缸除垢剂 200ml | F=Fish tank descaling agent 200ml | G=0.76056338028169002 | H=10 | I=7.6056338028169002 ; Row 78: A=55 | C=00340 | D=YEE-3606 | E=外贴电子温度计 | F=External electronic thermometer | G=1.1000000000000001 | H=4 | I=4.4000000000000004 | J=装货单备注有电池 ; Row 79: A=Products price | I=437.15816901408402
