"Product","File","Status","Bytes","Source","Page","ImageUrl"
"YEE-3006_YSH-50","01_product.webp","downloaded","15400","Beshketnyk","https://beshketnyk.com/obihrivach-dlia-akvariuma-yee-ysh-50-metalevyi-19-sm-50-vt/","https://beshketnyk.com/content/images/25/700x700l80nn0/44335047465542.webp"
"YEE-3006_YSH-50","02_box_front.webp","downloaded","16034","Beshketnyk","https://beshketnyk.com/obihrivach-dlia-akvariuma-yee-ysh-50-metalevyi-19-sm-50-vt/","https://beshketnyk.com/content/images/25/700x700l80nn0/61775367690936.webp"
"YEE-3006_YSH-50","03_box_side.webp","downloaded","9680","Beshketnyk","https://beshketnyk.com/obihrivach-dlia-akvariuma-yee-ysh-50-metalevyi-19-sm-50-vt/","https://beshketnyk.com/content/images/25/700x700l80nn0/97657197450677.webp"
"YEE-3006_YSH-50","04_box_chart.webp","downloaded","12914","Beshketnyk","https://beshketnyk.com/obihrivach-dlia-akvariuma-yee-ysh-50-metalevyi-19-sm-50-vt/","https://beshketnyk.com/content/images/25/700x700l80nn0/50912206454238.webp"
"YEE-3006_YSH-50","05_label.webp","downloaded","80196","Beshketnyk","https://beshketnyk.com/obihrivach-dlia-akvariuma-yee-ysh-50-metalevyi-19-sm-50-vt/","https://beshketnyk.com/content/images/25/700x700l80nn0/12977739102773.webp"
"YEE-3007_YSH-100","01_product.jpg","downloaded","27634","Epicentr","https://epicentrk.ua/shop/mplc-obigrivac-dla-akvariuma-yee-ysh-100-metalevij-30-sm-100-vt-yee-3007-1f0a01b8-e15e-6fe6-846e-29be33cd8f5a.html","https://cdn.27.ua/sc--media--prod/default/df/0a/55/df0a555d-c29b-40ec-9907-76143316c503.jpg"
"YEE-3007_YSH-100","02_box.jpg","downloaded","28526","Epicentr","https://epicentrk.ua/shop/mplc-obigrivac-dla-akvariuma-yee-ysh-100-metalevij-30-sm-100-vt-yee-3007-1f0a01b8-e15e-6fe6-846e-29be33cd8f5a.html","https://cdn.27.ua/sc--media--prod/default/f1/0e/d1/f10ed115-56d5-4a6b-9002-8bc59948acfd.jpg"
"YEE-3007_YSH-100","03_label.jpg","downloaded","151894","Epicentr","https://epicentrk.ua/shop/mplc-obigrivac-dla-akvariuma-yee-ysh-100-metalevij-30-sm-100-vt-yee-3007-1f0a01b8-e15e-6fe6-846e-29be33cd8f5a.html","https://cdn.27.ua/sc--media--prod/default/0f/ad/0d/0fad0df2-2f91-436d-a880-d1b2ac7190b0.jpg"
"YEE-3008_YSH-200","01_product.jpg","downloaded","27272","Epicentr","https://epicentrk.ua/ua/shop/mplc-obigrivac-dla-akvariuma-yee-ysh-200-metalevij-30-sm-200-vt-yee-3008-1f0a01b9-376a-6e1c-8ecd-134b539f6fc8.html","https://cdn.27.ua/sc--media--prod/default/e5/95/0b/e5950b5c-0b48-4e4a-9a19-55b507ea2a96.jpg"
"YEE-3008_YSH-200","02_box.jpg","downloaded","29404","Epicentr","https://epicentrk.ua/ua/shop/mplc-obigrivac-dla-akvariuma-yee-ysh-200-metalevij-30-sm-200-vt-yee-3008-1f0a01b9-376a-6e1c-8ecd-134b539f6fc8.html","https://cdn.27.ua/sc--media--prod/default/f4/cc/95/f4cc9596-5e0c-4b93-ae33-10f86b4bb0b7.jpg"
"YEE-3008_YSH-200","03_label.jpg","downloaded","169470","Epicentr","https://epicentrk.ua/ua/shop/mplc-obigrivac-dla-akvariuma-yee-ysh-200-metalevij-30-sm-200-vt-yee-3008-1f0a01b9-376a-6e1c-8ecd-134b539f6fc8.html","https://cdn.27.ua/sc--media--prod/default/5b/c5/32/5bc53201-13ad-4c10-aecb-9de0b5bcab45.jpg"
"C4-1432_Quartz_Heater_100W","01_main_500w_family.jpg","downloaded","17757","eBuy7","https://www.ebuy7.com/yee-fish-tank-heating-rod-automatic-constant-temperature-quartz-explosion-proof-water-electric-small-heater-insulation.html","https://gw.alicdn.com/imgextra/O1CN01k0LMiH1GqjmvsQ60c_!!6000000000674-0-yinhe.jpg_540x540q90.jpg"
"C4-1432_Quartz_Heater_100W","02_material.jpg","downloaded","136779","eBuy7","https://www.ebuy7.com/yee-fish-tank-heating-rod-automatic-constant-temperature-quartz-explosion-proof-water-electric-small-heater-insulation.html","https://gw.alicdn.com/imgextra/i2/822517260/O1CN01vVy9x023V8RpVRK9y_!!822517260.jpg_q90.jpg"
"C4-1432_Quartz_Heater_100W","03_100w_safety.jpg","downloaded","115659","eBuy7","https://www.ebuy7.com/yee-fish-tank-heating-rod-automatic-constant-temperature-quartz-explosion-proof-water-electric-small-heater-insulation.html","https://gw.alicdn.com/imgextra/i3/822517260/O1CN018xF04323V8RnM4g3w_!!822517260.jpg_q90.jpg"
"C4-1432_Quartz_Heater_100W","04_chip.jpg","downloaded","202958","eBuy7","https://www.ebuy7.com/yee-fish-tank-heating-rod-automatic-constant-temperature-quartz-explosion-proof-water-electric-small-heater-insulation.html","https://gw.alicdn.com/imgextra/i3/822517260/O1CN01ax42vc23V8RoA0Ca3_!!822517260.jpg_q90.jpg"
"C4-1432_Quartz_Heater_100W","05_heating_wire.jpg","downloaded","131275","eBuy7","https://www.ebuy7.com/yee-fish-tank-heating-rod-automatic-constant-temperature-quartz-explosion-proof-water-electric-small-heater-insulation.html","https://gw.alicdn.com/imgextra/i4/822517260/O1CN01u5dHMB23V8RnnNl47_!!822517260.jpg_q90.jpg"
"C4-1432_Quartz_Heater_100W","06_temperature_control.jpg","downloaded","184526","eBuy7","https://www.ebuy7.com/yee-fish-tank-heating-rod-automatic-constant-temperature-quartz-explosion-proof-water-electric-small-heater-insulation.html","https://gw.alicdn.com/imgextra/i1/822517260/O1CN01l5r9om23V8XHgaaQU_!!822517260.jpg_q90.jpg"
"C4-1432_Quartz_Heater_100W","07_certificate.jpg","downloaded","298823","eBuy7","https://www.ebuy7.com/yee-fish-tank-heating-rod-automatic-constant-temperature-quartz-explosion-proof-water-electric-small-heater-insulation.html","https://gw.alicdn.com/imgextra/i1/822517260/O1CN01T3JTKx23V8JfuTHGc_!!822517260.jpg_q90.jpg"
"C4-1432_Quartz_Heater_100W","08_quartz_product.jpg","downloaded","610659","eBuy7","https://www.ebuy7.com/yee-fish-tank-heating-rod-automatic-constant-temperature-quartz-explosion-proof-water-electric-small-heater-insulation.html","https://gw.alicdn.com/imgextra/i2/822517260/O1CN01VhakDm23V8Jj3F1Vx_!!822517260.jpg_q90.jpg"
"C4-1432_Quartz_Heater_100W","09_waterproof.jpg","downloaded","254853","eBuy7","https://www.ebuy7.com/yee-fish-tank-heating-rod-automatic-constant-temperature-quartz-explosion-proof-water-electric-small-heater-insulation.html","https://gw.alicdn.com/imgextra/i3/822517260/O1CN01A3sFQ723V8JoML8Ud_!!822517260.jpg_q90.jpg"
"C4-1432_Quartz_Heater_100W","10_product_parameters.jpg","downloaded","191285","eBuy7","https://www.ebuy7.com/yee-fish-tank-heating-rod-automatic-constant-temperature-quartz-explosion-proof-water-electric-small-heater-insulation.html","https://gw.alicdn.com/imgextra/i4/822517260/O1CN018SpU3q23V8Jj3HEqY_!!822517260.jpg_q90.jpg"
"C4-1432_Quartz_Heater_100W","11_real_display.jpg","downloaded","329219","eBuy7","https://www.ebuy7.com/yee-fish-tank-heating-rod-automatic-constant-temperature-quartz-explosion-proof-water-electric-small-heater-insulation.html","https://gw.alicdn.com/imgextra/i4/822517260/O1CN01PrRGEk23V8Jmfoe8Z_!!822517260.jpg_q90.jpg"
"C4-1432_Quartz_Heater_100W","12_200w_variant_params.jpg","downloaded","188605","eBuy7","https://www.ebuy7.com/yee-fish-tank-heating-rod-automatic-constant-temperature-quartz-explosion-proof-water-electric-small-heater-insulation.html","https://gw.alicdn.com/imgextra/i1/822517260/O1CN01Gu95rS23V8JnYYhNQ_!!822517260.jpg_q90.jpg"
"C4-1103_Black_Warrior_Heater","01_main_family.jpg","downloaded","42966","eBuy7","https://www.ebuy7.com/yee-stainless-steel-heating-rod-explosion-proof-automatic-constant-temperature-turtle-tank-aquarium-heater-fish-tank-heating-rod-small-7.html","https://gw.alicdn.com/imgextra/O1CN01c5WBWD1DesiQRjzAB_!!6000000000242-0-yinhe.jpg_540x540q90.jpg"
"C4-1103_Black_Warrior_Heater","02_closeup.jpg","downloaded","98213","eBuy7","https://www.ebuy7.com/yee-stainless-steel-heating-rod-explosion-proof-automatic-constant-temperature-turtle-tank-aquarium-heater-fish-tank-heating-rod-small-7.html","https://gw.alicdn.com/imgextra/i1/1911536242/O1CN01yiAw9t1vyt8LGN5zr_!!1911536242.jpg_q90.jpg"
"C4-1103_Black_Warrior_Heater","03_award.jpg","downloaded","71075","eBuy7","https://www.ebuy7.com/yee-stainless-steel-heating-rod-explosion-proof-automatic-constant-temperature-turtle-tank-aquarium-heater-fish-tank-heating-rod-small-7.html","https://gw.alicdn.com/imgextra/i1/1911536242/O1CN01XA0fuA1vyt87ZKi92_!!1911536242.jpg_q90.jpg"
"C4-1103_Black_Warrior_Heater","04_auto_cutoff.jpg","downloaded","103919","eBuy7","https://www.ebuy7.com/yee-stainless-steel-heating-rod-explosion-proof-automatic-constant-temperature-turtle-tank-aquarium-heater-fish-tank-heating-rod-small-7.html","https://gw.alicdn.com/imgextra/i2/1911536242/O1CN01E5mZZ11vyt8FuEjL2_!!1911536242.jpg_q90.jpg"
"C4-1103_Black_Warrior_Heater","05_saving.jpg","downloaded","90533","eBuy7","https://www.ebuy7.com/yee-stainless-steel-heating-rod-explosion-proof-automatic-constant-temperature-turtle-tank-aquarium-heater-fish-tank-heating-rod-small-7.html","https://gw.alicdn.com/imgextra/i2/1911536242/O1CN01Y1ftwe1vyt8DMbq22_!!1911536242.jpg_q90.jpg"
"C4-1103_Black_Warrior_Heater","06_power_recommendation.jpg","downloaded","86554","eBuy7","https://www.ebuy7.com/yee-stainless-steel-heating-rod-explosion-proof-automatic-constant-temperature-turtle-tank-aquarium-heater-fish-tank-heating-rod-small-7.html","https://gw.alicdn.com/imgextra/i3/1911536242/O1CN01J6H5fO1vyt8I4y4rC_!!1911536242.jpg_q90.jpg"
"C4-1103_Black_Warrior_Heater","07_certificate.jpg","downloaded","604914","eBuy7","https://www.ebuy7.com/yee-stainless-steel-heating-rod-explosion-proof-automatic-constant-temperature-turtle-tank-aquarium-heater-fish-tank-heating-rod-small-7.html","https://gw.alicdn.com/imgextra/i4/1911536242/O1CN01mcbhod1vytKcbgPxM_!!1911536242.jpg_q90.jpg"
"C4-1103_Black_Warrior_Heater","08_quartz_compare.jpg","downloaded","450421","eBuy7","https://www.ebuy7.com/yee-stainless-steel-heating-rod-explosion-proof-automatic-constant-temperature-turtle-tank-aquarium-heater-fish-tank-heating-rod-small-7.html","https://gw.alicdn.com/imgextra/i4/1911536242/O1CN01FSz5MK1vytKcg98c6_!!1911536242.jpg_q90.jpg"
"C4-1103_Black_Warrior_Heater","09_black_warrior_intro.jpg","downloaded","705743","eBuy7","https://www.ebuy7.com/yee-stainless-steel-heating-rod-explosion-proof-automatic-constant-temperature-turtle-tank-aquarium-heater-fish-tank-heating-rod-small-7.html","https://gw.alicdn.com/imgextra/i2/1911536242/O1CN01Xl92Kt1vytKcg9k2e_!!1911536242.jpg_q90.jpg"
"C4-1103_Black_Warrior_Heater","10_four_advantages.jpg","downloaded","402197","eBuy7","https://www.ebuy7.com/yee-stainless-steel-heating-rod-explosion-proof-automatic-constant-temperature-turtle-tank-aquarium-heater-fish-tank-heating-rod-small-7.html","https://gw.alicdn.com/imgextra/i3/1911536242/O1CN01PSp1kP1vytKd9gnTc_!!1911536242.jpg_q90.jpg"
"C4-1103_Black_Warrior_Heater","11_heating_wire.jpg","downloaded","857693","eBuy7","https://www.ebuy7.com/yee-stainless-steel-heating-rod-explosion-proof-automatic-constant-temperature-turtle-tank-aquarium-heater-fish-tank-heating-rod-small-7.html","https://gw.alicdn.com/imgextra/i4/1911536242/O1CN01AHvo3L1vytKdnSmoN_!!1911536242.jpg_q90.jpg"
"C4-1103_Black_Warrior_Heater","12_temperature_chip.jpg","downloaded","836785","eBuy7","https://www.ebuy7.com/yee-stainless-steel-heating-rod-explosion-proof-automatic-constant-temperature-turtle-tank-aquarium-heater-fish-tank-heating-rod-small-7.html","https://gw.alicdn.com/imgextra/i4/1911536242/O1CN0139kMBT1vytKclqPxt_!!1911536242.jpg_q90.jpg"
"C4-1103_Black_Warrior_Heater","13_in_aquarium_100w.jpg","downloaded","1239656","eBuy7","https://www.ebuy7.com/yee-stainless-steel-heating-rod-explosion-proof-automatic-constant-temperature-turtle-tank-aquarium-heater-fish-tank-heating-rod-small-7.html","https://gw.alicdn.com/imgextra/i3/1911536242/O1CN01I1UVYK1vytKdS428k_!!1911536242.jpg_q90.jpg"
"C4-1103_Black_Warrior_Heater","14_ip68_100w.jpg","downloaded","37733","eBuy7","https://www.ebuy7.com/yee-stainless-steel-heating-rod-explosion-proof-automatic-constant-temperature-turtle-tank-aquarium-heater-fish-tank-heating-rod-small-7.html","https://gw.alicdn.com/imgextra/i3/1911536242/O1CN01ZWR9up1vytKcgAgFy_!!1911536242.jpg_q90.jpg"
"C4-1103_Black_Warrior_Heater","15_material_100w.jpg","downloaded","535286","eBuy7","https://www.ebuy7.com/yee-stainless-steel-heating-rod-explosion-proof-automatic-constant-temperature-turtle-tank-aquarium-heater-fish-tank-heating-rod-small-7.html","https://gw.alicdn.com/imgextra/i3/1911536242/O1CN01O0tW1L1vytKcg7SeU_!!1911536242.jpg_q90.jpg"
"C4-1103_Black_Warrior_Heater","16_details.jpg","downloaded","404399","eBuy7","https://www.ebuy7.com/yee-stainless-steel-heating-rod-explosion-proof-automatic-constant-temperature-turtle-tank-aquarium-heater-fish-tank-heating-rod-small-7.html","https://gw.alicdn.com/imgextra/i3/1911536242/O1CN01aax9x61vytKbjUizB_!!1911536242.jpg_q90.jpg"
"C4-1103_Black_Warrior_Heater","17_watts_calculation.jpg","downloaded","282135","eBuy7","https://www.ebuy7.com/yee-stainless-steel-heating-rod-explosion-proof-automatic-constant-temperature-turtle-tank-aquarium-heater-fish-tank-heating-rod-small-7.html","https://gw.alicdn.com/imgextra/i1/1911536242/O1CN01yZyclt1vytKclpwqW_!!1911536242.jpg_q90.jpg"
"C4-1103_Black_Warrior_Heater","18_safety.jpg","downloaded","540075","eBuy7","https://www.ebuy7.com/yee-stainless-steel-heating-rod-explosion-proof-automatic-constant-temperature-turtle-tank-aquarium-heater-fish-tank-heating-rod-small-7.html","https://gw.alicdn.com/imgextra/i4/1911536242/O1CN01KeNmfp1vytKbjVC6G_!!1911536242.jpg_q90.jpg"
"Alibaba_Official_Weifang_Yipin_YEE_Heaters","01_company_factory.jpg","downloaded","19314","Alibaba official supplier page / Accio mirror","https://yeeaquarium.m.en.alibaba.com/tr_TR/company_profile.html","https://s.alicdn.com/@sc04/kf/Hb88b5579df764c5d95a3bd458892f02cY.jpg_720x720q50.jpg"
"Alibaba_Official_Weifang_Yipin_YEE_Heaters","02_ptc_heater_product.jpg","downloaded","9029","Alibaba official supplier page / Accio mirror","https://www.accio.com/supplier/oem-aquarium-water-heater","https://s.alicdn.com/@sc04/kf/H05cec0eeb4e54da18d093930c7a560e90.jpg_720x720q50.jpg"
"Alibaba_Official_Weifang_Yipin_YEE_Heaters","03_titanium_heater_controller.jpg","downloaded","7889","Alibaba official supplier page / Accio mirror","https://www.accio.com/supplier/oem-aquarium-water-heater","https://s.alicdn.com/@sc04/kf/H2cda630aacf646c482bd8e946a976bb66.png_720x720q50.jpg"
"Alibaba_Official_Weifang_Yipin_YEE_Heaters","04_stainless_heater_300w.jpg","downloaded","10766","Alibaba official supplier page / Accio mirror","https://www.accio.com/supplier/oem-aquarium-water-heater","https://s.alicdn.com/@sc04/kf/Hce32a2fc7250479f8c4a795cd1df033aO.jpg_720x720q50.jpg"
"Alibaba_Official_Weifang_Yipin_YEE_Heaters","05_mini_turtle_heater.jpg","downloaded","9833","Alibaba official supplier page / Accio mirror","https://www.accio.com/supplier/oem-aquarium-water-heater","https://s.alicdn.com/@sc04/kf/Aa8946374dfa9497eba01c285fac527f1k.jpg_720x720q50.jpg"
"Alibaba_Official_Weifang_Yipin_YEE_Heaters","06_stainless_heater_betta_300w.jpg","downloaded","14037","Alibaba official supplier page / Accio mirror","https://www.accio.com/supplier/oem-aquarium-water-heater","https://s.alicdn.com/@sc04/kf/Acbba99fbf91b447097a883b12781bea2O.jpg_720x720q50.jpg"
"Alibaba_Official_Weifang_Yipin_Water_Changer","01_product.jpg","downloaded","4689","Alibaba official supplier page","https://germany.alibaba.com/product-detail/Yee-Aquarium-Cleaner-Multifunctional-Removable-Aquarium_1601009006430.html","https://s.alicdn.com/@sc04/kf/H0cb62c7e2e204f67b723206392b0f9bfI.jpg_960x960q80.jpg"
"Alibaba_Official_Weifang_Yipin_Water_Changer","02_in_use.jpg","downloaded","50100","Alibaba official supplier page","https://germany.alibaba.com/product-detail/Yee-Aquarium-Cleaner-Multifunctional-Removable-Aquarium_1601009006430.html","https://s.alicdn.com/@sc04/kf/Aa7b463d6215a4b39853a9f5747e5b3a4q.jpg_960x960q80.jpg"
"Alibaba_Official_Weifang_Yipin_Water_Changer","03_airbag_features.jpg","downloaded","43812","Alibaba official supplier page","https://germany.alibaba.com/product-detail/Yee-Aquarium-Cleaner-Multifunctional-Removable-Aquarium_1601009006430.html","https://s.alicdn.com/@sc04/kf/He94c0274378e431e9945f2ab8d2adc5cc.jpg_960x960q80.jpg"
"Alibaba_Official_Weifang_Yipin_Water_Changer","04_parts.jpg","downloaded","15282","Alibaba official supplier page","https://germany.alibaba.com/product-detail/Yee-Aquarium-Cleaner-Multifunctional-Removable-Aquarium_1601009006430.html","https://s.alicdn.com/@sc04/kf/Haf1b4e3c82a94e2bbef1b2b97ba155d1U.jpg_960x960q80.jpg"
"Alibaba_Official_Weifang_Yipin_Water_Changer","05_extension_tubes.jpg","downloaded","21388","Alibaba official supplier page","https://germany.alibaba.com/product-detail/Yee-Aquarium-Cleaner-Multifunctional-Removable-Aquarium_1601009006430.html","https://s.alicdn.com/@sc04/kf/H18282b7d5410481aaa4543d8491564b1f.jpg_960x960q80.jpg"
"Alibaba_Official_Weifang_Yipin_Water_Changer","06_cherlam_banner.jpg","downloaded","61658","Alibaba official supplier page","https://germany.alibaba.com/product-detail/Yee-Aquarium-Cleaner-Multifunctional-Removable-Aquarium_1601009006430.html","https://sc04.alicdn.com/kf/H49cf8ac2bdda47b288099b3e44f9663bj/239201016/H49cf8ac2bdda47b288099b3e44f9663bj.jpg"
"Alibaba_Official_Weifang_Yipin_Water_Changer","07_cherlam_detail.jpg","downloaded","64047","Alibaba official supplier page","https://germany.alibaba.com/product-detail/Yee-Aquarium-Cleaner-Multifunctional-Removable-Aquarium_1601009006430.html","https://sc04.alicdn.com/kf/H69e5af9b3553415f97d76eece55caf08l/239201016/H69e5af9b3553415f97d76eece55caf08l.jpg"
"Alibaba_Official_Weifang_Yipin_Nano_Air_Disc","01_product.jpg","downloaded","34937","Alibaba official supplier page","https://german.alibaba.com/product-detail/YEE-Factory-Wholesale-High-Quality-Nano-1601610948729.html","https://s.alicdn.com/@sc04/kf/H3d882aef27944b1192ded7ba73b50683z.jpg_960x960q80.jpg"
"Alibaba_Official_Weifang_Yipin_Nano_Air_Disc","02_microporous.jpg","downloaded","50828","Alibaba official supplier page","https://german.alibaba.com/product-detail/YEE-Factory-Wholesale-High-Quality-Nano-1601610948729.html","https://s.alicdn.com/@sc04/kf/H73db5b4e75d54031ab998cec6e29cb93G.jpg_960x960q80.jpg"
"Alibaba_Official_Weifang_Yipin_Nano_Air_Disc","03_shell.jpg","downloaded","40730","Alibaba official supplier page","https://german.alibaba.com/product-detail/YEE-Factory-Wholesale-High-Quality-Nano-1601610948729.html","https://s.alicdn.com/@sc04/kf/H7ce4a2dbf88f47059af9e346ef0956f9x.jpg_960x960q80.jpg"
"Alibaba_Official_Weifang_Yipin_Nano_Air_Disc","04_bubble_display.jpg","downloaded","100112","Alibaba official supplier page","https://german.alibaba.com/product-detail/YEE-Factory-Wholesale-High-Quality-Nano-1601610948729.html","https://s.alicdn.com/@sc04/kf/H3b9125d124434265ab82a70a96610671b.jpg_960x960q80.jpg"
"Alibaba_Official_Weifang_Yipin_Nano_Air_Disc","05_metal_valve.jpg","downloaded","68543","Alibaba official supplier page","https://german.alibaba.com/product-detail/YEE-Factory-Wholesale-High-Quality-Nano-1601610948729.html","https://s.alicdn.com/@sc04/kf/He20d9bd62d014341b7952c9517b49018U.jpg_960x960q80.jpg"
"Alibaba_Official_Weifang_Yipin_Nano_Air_Disc","06_banner.jpg","downloaded","71526","Alibaba official supplier page","https://german.alibaba.com/product-detail/YEE-Factory-Wholesale-High-Quality-Nano-1601610948729.html","https://sc04.alicdn.com/kf/Haee5c370acd94a4fad0f39c8d18e39e9v/239201016/Haee5c370acd94a4fad0f39c8d18e39e9v.jpg"
"Alibaba_Official_Weifang_Yipin_Nano_Air_Disc","07_heading.jpg","downloaded","6697","Alibaba official supplier page","https://german.alibaba.com/product-detail/YEE-Factory-Wholesale-High-Quality-Nano-1601610948729.html","https://sc04.alicdn.com/kf/H677a18c722a24ef787733785e1c50d1d3/239201016/H677a18c722a24ef787733785e1c50d1d3.jpg"
"Alibaba_Official_Weifang_Yipin_Nano_Air_Disc","08_micro_structure_cn.jpg","downloaded","154905","Alibaba official supplier page","https://german.alibaba.com/product-detail/YEE-Factory-Wholesale-High-Quality-Nano-1601610948729.html","https://sc04.alicdn.com/kf/H9b456b24d5174febbffd43e09d490307H/239201016/H9b456b24d5174febbffd43e09d490307H.jpg"
"Alibaba_Official_Weifang_Yipin_Nano_Air_Disc","09_prevent_falling.jpg","downloaded","73162","Alibaba official supplier page","https://german.alibaba.com/product-detail/YEE-Factory-Wholesale-High-Quality-Nano-1601610948729.html","https://sc04.alicdn.com/kf/H5bfbd4276a024f7f94b8d13a4739d351w/239201016/H5bfbd4276a024f7f94b8d13a4739d351w.jpg"
"Alibaba_Official_Weifang_Yipin_Nano_Air_Disc","10_bubble_column.jpg","downloaded","245760","Alibaba official supplier page","https://german.alibaba.com/product-detail/YEE-Factory-Wholesale-High-Quality-Nano-1601610948729.html","https://sc04.alicdn.com/kf/H135924d4b5d34602af72abc8150d0449r/239201016/H135924d4b5d34602af72abc8150d0449r.jpg"
"Alibaba_Official_Weifang_Yipin_Nano_Air_Disc","11_metal_nozzle.jpg","downloaded","121937","Alibaba official supplier page","https://german.alibaba.com/product-detail/YEE-Factory-Wholesale-High-Quality-Nano-1601610948729.html","https://sc04.alicdn.com/kf/Hafefb745308c4f89835dfc002759e79cn/239201016/Hafefb745308c4f89835dfc002759e79cn.jpg"
"Alibaba_Official_Weifang_Yipin_Nano_Air_Disc","12_warm_prompt.jpg","downloaded","26936","Alibaba official supplier page","https://german.alibaba.com/product-detail/YEE-Factory-Wholesale-High-Quality-Nano-1601610948729.html","https://sc04.alicdn.com/kf/Hc538eda6505547f69b66bb31ca74d608X/239201016/Hc538eda6505547f69b66bb31ca74d608X.jpg"
"Alibaba_Official_Weifang_Yipin_Nano_Air_Disc","13_parts.jpg","downloaded","40222","Alibaba official supplier page","https://german.alibaba.com/product-detail/YEE-Factory-Wholesale-High-Quality-Nano-1601610948729.html","https://sc04.alicdn.com/kf/H69df9220b4024f1b9c6dd37e85f783fau/239201016/H69df9220b4024f1b9c6dd37e85f783fau.jpg"
"Alibaba_Official_Weifang_Yipin_Nano_Air_Disc","14_parameters.jpg","downloaded","27402","Alibaba official supplier page","https://german.alibaba.com/product-detail/YEE-Factory-Wholesale-High-Quality-Nano-1601610948729.html","https://sc04.alicdn.com/kf/Haf0402eaf51b4ed389a35e99592a65f5b/239201016/Haf0402eaf51b4ed389a35e99592a65f5b.jpg"
"Alibaba_Official_Weifang_Yipin_Air_Pump_Related","01_related_usb_air_pump.jpg","downloaded","4780","Alibaba supplier listing","https://www.alibaba.com/supplier/usb-air-pump-aquarium-wholesaler.html","https://s.alicdn.com/@sc04/kf/H33787e71952242a2a2ec83c2610ef971E.jpg_300x300.jpg"
"03326_YTZ-300","01_damsel_specs.jpg","downloaded","15670","Damsel Dubai","https://damselbiz.com/products/shop-by-category/oxygen-air-pump/yee-mini-air-pump-oxygen-pump-ytz-300","https://damselbiz.com/_next/image?q=75&url=https%3A%2F%2Fdamselbiz.com%2Fuploads%2Fproducts%2F1752057769385.jpg&w=828"
"03326_YTZ-300","02_bloo_specs.jpg","downloaded","33414","Bloo Aqua Studio","https://blooaquastudio.org/products/yee-kk-8800-single-outlet-oxyzen-pump-copy","https://blooaquastudio.org/cdn/shop/files/5X7EXydI1666283680-800x800.jpg?v=1745418465&width=1946"
"03326_YTZ-300","03_bloo_parameters.jpg","downloaded","22628","Bloo Aqua Studio","https://blooaquastudio.org/products/yee-kk-8800-single-outlet-oxyzen-pump-copy","https://blooaquastudio.org/cdn/shop/files/ZcKS3PZx1666283680-776x776.jpg?v=1745418469&width=1946"
"07154_YGG-135_50mm_Diffuser","01_50mm_ball_diffuser.jpg","downloaded","1111","Accio/TikTok search listing","https://www.accio.com/plp/bubble-cascade","https://s.alicdn.com/@sc04/kf/Hd0e7754c1f70470699523da7a2b3e2cd9.jpg_200x200.jpg"
"C5-1144_1p5m_Enhanced","01_damsel_1p5m.png","downloaded","12358","Damsel Dubai","https://damselbiz.com/products/shop-by-category/aquarium-accessories/yee-15m-aquarium-vacuum-gravel-water-filter-pump","https://damselbiz.com/_next/image?q=75&url=https%3A%2F%2Fdamselbiz.com%2Fuploads%2Fproducts%2F1752534043268.png&w=828"
"YEE-3621_1p7m_Water_Changer","01_main_1p7m.jpg","downloaded","53350","Ultimate Aqua SG","https://ultimateaquasg.com/products/yee-aquarium-water-changer-fish-tank-cleaning-tool-aquarium-glass-cleaner-with-easy-handling-for-a-clean-fish-tank","https://ultimateaquasg.com/cdn/shop/files/1_2182cbb7-1f12-49bc-8fac-520373e39263.jpg?v=1683790200&width=1946"
"YEE-3621_1p7m_Water_Changer","02_product_cutout.jpg","downloaded","34360","Ultimate Aqua SG","https://ultimateaquasg.com/products/yee-aquarium-water-changer-fish-tank-cleaning-tool-aquarium-glass-cleaner-with-easy-handling-for-a-clean-fish-tank","https://ultimateaquasg.com/cdn/shop/products/f551454621f77394e9f76618e86a9272.jpg?v=1683790253&width=1946"
"YEE-3621_1p7m_Water_Changer","03_2p6m_variant.jpg","downloaded","52750","Ultimate Aqua SG","https://ultimateaquasg.com/products/yee-aquarium-water-changer-fish-tank-cleaning-tool-aquarium-glass-cleaner-with-easy-handling-for-a-clean-fish-tank","https://ultimateaquasg.com/cdn/shop/products/492af0828aee8da89dfda7b66654ee3d.jpg?v=1683790264&width=1946"
"YEE-3621_1p7m_Water_Changer","04_shaking_variant.jpg","downloaded","51916","Ultimate Aqua SG","https://ultimateaquasg.com/products/yee-aquarium-water-changer-fish-tank-cleaning-tool-aquarium-glass-cleaner-with-easy-handling-for-a-clean-fish-tank","https://ultimateaquasg.com/cdn/shop/products/e2b3893dbd9b8f0b2b8a24d2ff4a6961.jpg?v=1683790274&width=1946"
"YEE-3621_1p7m_Water_Changer","05_simple_variant.jpg","downloaded","45760","Ultimate Aqua SG","https://ultimateaquasg.com/products/yee-aquarium-water-changer-fish-tank-cleaning-tool-aquarium-glass-cleaner-with-easy-handling-for-a-clean-fish-tank","https://ultimateaquasg.com/cdn/shop/products/72212091821c0be617486075c9244e30.jpg?v=1683790285&width=1946"
"YEE-3621_1p7m_Water_Changer","06_new_upgrade.jpg","downloaded","52612","Ultimate Aqua SG","https://ultimateaquasg.com/products/yee-aquarium-water-changer-fish-tank-cleaning-tool-aquarium-glass-cleaner-with-easy-handling-for-a-clean-fish-tank","https://ultimateaquasg.com/cdn/shop/products/5a814a90af6cc8426b7b6c641de2b83c.jpg?v=1683790291&width=1946"
"YEE-3621_1p7m_Water_Changer","07_thicken_airbag.jpg","downloaded","31060","Ultimate Aqua SG","https://ultimateaquasg.com/products/yee-aquarium-water-changer-fish-tank-cleaning-tool-aquarium-glass-cleaner-with-easy-handling-for-a-clean-fish-tank","https://ultimateaquasg.com/cdn/shop/files/2_153b16c8-ffac-46fd-8b1f-6ed42885b78b.jpg?v=1683790347&width=1946"
"YEE-3621_1p7m_Water_Changer","08_valve.jpg","downloaded","27432","Ultimate Aqua SG","https://ultimateaquasg.com/products/yee-aquarium-water-changer-fish-tank-cleaning-tool-aquarium-glass-cleaner-with-easy-handling-for-a-clean-fish-tank","https://ultimateaquasg.com/cdn/shop/files/9.jpg?v=1683790347&width=1946"
"YEE-3621_1p7m_Water_Changer","09_handle.jpg","downloaded","36292","Ultimate Aqua SG","https://ultimateaquasg.com/products/yee-aquarium-water-changer-fish-tank-cleaning-tool-aquarium-glass-cleaner-with-easy-handling-for-a-clean-fish-tank","https://ultimateaquasg.com/cdn/shop/files/8_70ff273d-557c-4b13-97d1-d2ab8fc5c690.jpg?v=1683790347&width=1946"
"YEE-3621_1p7m_Water_Changer","10_silicone_material.jpg","downloaded","44134","Ultimate Aqua SG","https://ultimateaquasg.com/products/yee-aquarium-water-changer-fish-tank-cleaning-tool-aquarium-glass-cleaner-with-easy-handling-for-a-clean-fish-tank","https://ultimateaquasg.com/cdn/shop/files/7_76842fd6-9eb7-4578-8662-f4176fd0618d.jpg?v=1683790348&width=1946"
"YEE-3621_1p7m_Water_Changer","11_one_shake.jpg","downloaded","25920","Ultimate Aqua SG","https://ultimateaquasg.com/products/yee-aquarium-water-changer-fish-tank-cleaning-tool-aquarium-glass-cleaner-with-easy-handling-for-a-clean-fish-tank","https://ultimateaquasg.com/cdn/shop/files/6_df05bea2-dd6a-4eb0-94b3-495407e31eb8.jpg?v=1683790348&width=1946"
"YEE-3621_1p7m_Water_Changer","12_multifunction.jpg","downloaded","26484","Ultimate Aqua SG","https://ultimateaquasg.com/products/yee-aquarium-water-changer-fish-tank-cleaning-tool-aquarium-glass-cleaner-with-easy-handling-for-a-clean-fish-tank","https://ultimateaquasg.com/cdn/shop/files/5_13646d7c-b379-4501-b3e8-5b86dda6e44a.jpg?v=1683790348&width=1946"
"YEE-3621_1p7m_Water_Changer","13_airbag_closeup.jpg","downloaded","61166","Ultimate Aqua SG","https://ultimateaquasg.com/products/yee-aquarium-water-changer-fish-tank-cleaning-tool-aquarium-glass-cleaner-with-easy-handling-for-a-clean-fish-tank","https://ultimateaquasg.com/cdn/shop/files/4_e951bf12-93a7-45b5-80fe-1faecd60c93d.jpg?v=1683790348&width=1946"
"YEE-3621_1p7m_Water_Changer","14_manual_press.jpg","downloaded","80886","Ultimate Aqua SG","https://ultimateaquasg.com/products/yee-aquarium-water-changer-fish-tank-cleaning-tool-aquarium-glass-cleaner-with-easy-handling-for-a-clean-fish-tank","https://ultimateaquasg.com/cdn/shop/files/3_4b02ccfa-1608-4b56-9038-df6faeb30445.jpg?v=1683790347&width=1946"
"YEE-3621_1p7m_Water_Changer","15_parameter.jpg","downloaded","85254","Ultimate Aqua SG","https://ultimateaquasg.com/products/yee-aquarium-water-changer-fish-tank-cleaning-tool-aquarium-glass-cleaner-with-easy-handling-for-a-clean-fish-tank","https://ultimateaquasg.com/cdn/shop/files/fa1f98aa5625ccb77650852fa8af12cc_jpeg_2200x2200q80_jpg_656b3813-b6a2-46b0-8242-50e3ba458543.webp?v=1683791958&width=1946"
"YEE-3621_1p7m_Water_Changer","16_hose_clamp.jpg","downloaded","64586","Ultimate Aqua SG","https://ultimateaquasg.com/products/yee-aquarium-water-changer-fish-tank-cleaning-tool-aquarium-glass-cleaner-with-easy-handling-for-a-clean-fish-tank","https://ultimateaquasg.com/cdn/shop/files/cbfbf4faf76d0540fcef38196583c227_jpeg_2200x2200q80_jpg_c9f0d50b-6d69-4b56-8e12-4b0ac8d91890.webp?v=1683791959&width=1946"
"YEE-3621_1p7m_Water_Changer","17_blue_version.jpg","downloaded","83712","Ultimate Aqua SG","https://ultimateaquasg.com/products/yee-aquarium-water-changer-fish-tank-cleaning-tool-aquarium-glass-cleaner-with-easy-handling-for-a-clean-fish-tank","https://cdn.shopify.com/s/files/1/0756/5842/8716/files/YEEAquariumWaterChanger_FishTankCleaningTool_AquariumGlassCleanerWithEasyHandlingForACleanFishTank_feature.webp?v=1683791434"
"YEE-3621_1p7m_Water_Changer","18_silicone_tube.jpg","downloaded","74278","Ultimate Aqua SG","https://ultimateaquasg.com/products/yee-aquarium-water-changer-fish-tank-cleaning-tool-aquarium-glass-cleaner-with-easy-handling-for-a-clean-fish-tank","https://cdn.shopify.com/s/files/1/0756/5842/8716/files/44402fe5b83df76097ae11b73bdd609e_jpeg_2200x2200q80_jpg.webp?v=1683791562"
